cve_ent,entidad,cve_alc,alc,cve_col,colonia,clasif,SISTEMA,NOMBRE,LINEA,EST,CVE_EST,CVE_EOD17,TIPO,ALCALDIAS,AÑO
09,Ciudad de México,017,Venustiano Carranza,017-009,Adolfo Lopez Mateos,Colonia,STC Metro,Pantitlán,01,01,STC0101,05014,Terminal / Transbordo,Venustiano Carranza,1984
09,Ciudad de México,017,Venustiano Carranza,017-005,4 Arboles,Colonia,STC Metro,Zaragoza,01,02,STC0102,05020,Intermedia,Venustiano Carranza,1969
09,Ciudad de México,017,Venustiano Carranza,017-035,Federal,Colonia,STC Metro,Gomez Farías,01,03,STC0103,05007,Intermedia,Venustiano Carranza,1969
09,Ciudad de México,017,Venustiano Carranza,017-038,Industrial Puerto Aereo,Colonia,STC Metro,Boulevard Puerto Aéreo,01,04,STC0104,05003,Intermedia,Venustiano Carranza,1969
09,Ciudad de México,017,Venustiano Carranza,017-047,Moctezuma 1a Seccion,Colonia,STC Metro,Balbuena,01,05,STC0105,05001,Intermedia,Venustiano Carranza,1969
09,Ciudad de México,017,Venustiano Carranza,017-047,Moctezuma 1a Seccion,Colonia,STC Metro,Moctezuma,01,06,STC0106,05012,Intermedia,Venustiano Carranza,1969
09,Ciudad de México,017,Venustiano Carranza,017-007,7 De Julio,Colonia,STC Metro,San Lázaro,01,07,STC0107,05017,Transbordo,Venustiano Carranza,1969
09,Ciudad de México,017,Venustiano Carranza,017-067,Zona Centro,Colonia,STC Metro,Candelaria,01,08,STC0108,05004,Transbordo,Venustiano Carranza,1969
09,Ciudad de México,017,Venustiano Carranza,017-067,Zona Centro,Colonia,STC Metro,Merced,01,09,STC0109,05011,Intermedia,Venustiano Carranza,1969
09,Ciudad de México,015,Cuauhtémoc,015-007,Centro,Colonia,STC Metro,Pino Suárez,01,10,STC0110,05015,Transbordo,Cuauhtémoc,1969
09,Ciudad de México,015,Cuauhtémoc,015-007,Centro,Colonia,STC Metro,Isabel La Católica,01,11,STC0111,05009,Intermedia,Cuauhtémoc,1969
09,Ciudad de México,015,Cuauhtémoc,015-007,Centro,Colonia,STC Metro,Salto del Agua,01,12,STC0112,05016,Transbordo,Cuauhtémoc,1969
09,Ciudad de México,015,Cuauhtémoc,015-007,Centro,Colonia,STC Metro,Balderas,01,13,STC0113,05002,Transbordo,Cuauhtémoc,1969
09,Ciudad de México,015,Cuauhtémoc,015-017,Juarez,Colonia,STC Metro,Cuauhtémoc,01,14,STC0114,05006,Intermedia,Cuauhtémoc,1969
09,Ciudad de México,015,Cuauhtémoc,015-017,Juarez,Colonia,STC Metro,Insurgentes,01,15,STC0115,05008,Intermedia,Cuauhtémoc,1969
09,Ciudad de México,015,Cuauhtémoc,015-024,Roma Norte,Colonia,STC Metro,Sevilla,01,16,STC0116,05018,Intermedia,Cuauhtémoc,1969
09,Ciudad de México,016,Miguel Hidalgo,016-017,Bosque De Chapultepec I Seccion,Colonia,STC Metro,Chapultepec,01,17,STC0117,05005,Intermedia,Cuauhtémoc / Miguel Hidalgo,1969
09,Ciudad de México,016,Miguel Hidalgo,016-078,San Miguel Chapultepec Ii Seccion,Colonia,STC Metro,Juanacatlán,01,18,STC0118,05010,Intermedia,Miguel Hidalgo,1970
09,Ciudad de México,016,Miguel Hidalgo,016-081,Tacubaya,Colonia,STC Metro,Tacubaya,01,19,STC0119,05019,Transbordo,Miguel Hidalgo,1970
09,Ciudad de México,010,Álvaro Obregón,010-189,Real Del Monte,Colonia,STC Metro,Observatorio,01,20,STC0120,05013,Terminal,Álvaro Obregón,1972
09,Ciudad de México,016,Miguel Hidalgo,016-016,Argentina Poniente,Colonia,STC Metro,Panteones,02,02,STC0202,05052,Intermedia,Miguel Hidalgo,1984
09,Ciudad de México,016,Miguel Hidalgo,016-080,Tacuba,Colonia,STC Metro,Tacuba,02,03,STC0203,05059,Transbordo,Miguel Hidalgo,1970
09,Ciudad de México,016,Miguel Hidalgo,016-068,Popotla,Colonia,STC Metro,Cuitláhuac,02,04,STC0204,05046,Intermedia,Miguel Hidalgo,1970
09,Ciudad de México,016,Miguel Hidalgo,016-054,Nextitla,Colonia,STC Metro,Popotla,02,05,STC0205,05054,Intermedia,Miguel Hidalgo,1970
09,Ciudad de México,016,Miguel Hidalgo,016-084,Un Hogar Para Nosotros,Colonia,STC Metro,Colegio Militar,02,06,STC0206,05044,Intermedia,Miguel Hidalgo,1970
09,Ciudad de México,016,Miguel Hidalgo,016-084,Un Hogar Para Nosotros,Colonia,STC Metro,Normal,02,07,STC0207,05051,Intermedia,Miguel Hidalgo,1970
09,Ciudad de México,015,Cuauhtémoc,015-029,Santa Maria La Ribera,Colonia,STC Metro,San Cosme,02,08,STC0208,05058,Intermedia,Cuauhtémoc,1970
09,Ciudad de México,015,Cuauhtémoc,015-005,Buenavista,Colonia,STC Metro,Revolución,02,09,STC0209,05056,Intermedia,Cuauhtémoc,1970
09,Ciudad de México,015,Cuauhtémoc,015-014,Guerrero,Colonia,STC Metro,Hidalgo,02,10,STC0210,05049,Transbordo,Cuauhtémoc,1970
09,Ciudad de México,015,Cuauhtémoc,015-014,Guerrero,Colonia,STC Metro,Bellas Artes,02,11,STC0211,05042,Transbordo,Cuauhtémoc,1970
09,Ciudad de México,015,Cuauhtémoc,015-007,Centro,Colonia,STC Metro,Allende,02,12,STC0212,05041,Intermedia,Cuauhtémoc,1970
09,Ciudad de México,015,Cuauhtémoc,015-007,Centro,Colonia,STC Metro,Zócalo/Tenochtitlan,02,13,STC0213,05064,Intermedia,Cuauhtémoc,1970
09,Ciudad de México,015,Cuauhtémoc,015-007,Centro,Colonia,STC Metro,Pino Suárez,02,14,STC0214,05053,Transbordo,Cuauhtémoc,1970
09,Ciudad de México,015,Cuauhtémoc,015-031,Transito,Colonia,STC Metro,San Antonio Abad,02,15,STC0215,05057,Intermedia,Cuauhtémoc,1970
09,Ciudad de México,015,Cuauhtémoc,015-033,Vista Alegre,Colonia,STC Metro,Chabacano,02,16,STC0216,05043,Transbordo,Cuauhtémoc,1970
09,Ciudad de México,014,Benito Juárez,014-004,Alamos,Colonia,STC Metro,Viaducto,02,17,STC0217,05061,Intermedia,Benito Juárez / Iztacalco,1970
09,Ciudad de México,014,Benito Juárez,014-029,Moderna,Colonia,STC Metro,Xola,02,18,STC0218,05063,Intermedia,Benito Juárez,1970
09,Ciudad de México,014,Benito Juárez,014-051,Villa De Cortes,Colonia,STC Metro,Villa de Cortés,02,19,STC0219,05062,Intermedia,Benito Juárez,1970
09,Ciudad de México,014,Benito Juárez,014-033,Nativitas,Colonia,STC Metro,Nativitas,02,20,STC0220,05050,Intermedia,Benito Juárez,1970
09,Ciudad de México,014,Benito Juárez,014-038,Portales Norte,Colonia,STC Metro,Portales,02,21,STC0221,05055,Intermedia,Benito Juárez,1970
09,Ciudad de México,014,Benito Juárez,014-027,Miravalle,Colonia,STC Metro,Ermita,02,22,STC0222,05047,Transbordo,Benito Juárez,1970
09,Ciudad de México,003,Coyoacán,003-018,Churubusco Country Club,Colonia,STC Metro,General Anaya,02,23,STC0223,05048,Intermedia,Coyoacán,1970
09,Ciudad de México,003,Coyoacán,003-013,Campestre Churubusco,Colonia,STC Metro,Tasqueña,02,24,STC0224,05060,Terminal,Coyoacán,1970
09,Ciudad de México,005,Gustavo A. Madero,005-153,Santa Isabel Tola,Colonia,STC Metro,Indios Verdes,03,01,STC0301,05076,Terminal,Gustavo A. Madero,1979
09,Ciudad de México,005,Gustavo A. Madero,005-104,Lindavista Sur,Colonia,STC Metro,Deportivo 18 de Marzo,03,02,STC0302,05069,Transbordo,Gustavo A. Madero,1979
09,Ciudad de México,005,Gustavo A. Madero,005-038,Capultitlan,Colonia,STC Metro,Potrero,03,03,STC0303,05082,Intermedia,Gustavo A. Madero,1979
09,Ciudad de México,005,Gustavo A. Madero,005-172,Vallejo Poniente,Colonia,STC Metro,La Raza,03,04,STC0304,05078,Transbordo,Gustavo A. Madero,1978
09,Ciudad de México,015,Cuauhtémoc,015-020,Nonoalco Tlatelolco,Colonia,STC Metro,Tlatelolco,03,05,STC0305,05083,Intermedia,Cuauhtémoc,1970
09,Ciudad de México,015,Cuauhtémoc,015-014,Guerrero,Colonia,STC Metro,Guerrero,03,06,STC0306,05073,Transbordo,Cuauhtémoc,1970
09,Ciudad de México,015,Cuauhtémoc,015-030,Tabacalera,Colonia,STC Metro,Hidalgo,03,07,STC0307,05074,Transbordo,Cuauhtémoc,1970
09,Ciudad de México,015,Cuauhtémoc,015-007,Centro,Colonia,STC Metro,Juárez,03,08,STC0308,05077,Intermedia,Cuauhtémoc,1970
09,Ciudad de México,015,Cuauhtémoc,015-010,Doctores,Colonia,STC Metro,Balderas,03,09,STC0309,05065,Transbordo,Cuauhtémoc,1970
09,Ciudad de México,015,Cuauhtémoc,015-010,Doctores,Colonia,STC Metro,Niños Héroes/Poder Judicial CDMX,03,10,STC0310,05080,Intermedia,Cuauhtémoc,1970
09,Ciudad de México,015,Cuauhtémoc,015-010,Doctores,Colonia,STC Metro,Hospital General,03,11,STC0311,05075,Intermedia,Cuauhtémoc,1970
09,Ciudad de México,015,Cuauhtémoc,015-025,Roma Sur,Colonia,STC Metro,Centro Médico,03,12,STC0312,05066,Transbordo,Cuauhtémoc,1980
09,Ciudad de México,014,Benito Juárez,014-032,Narvarte Poniente,Colonia,STC Metro,Etiopía/Plaza de la Transparencia,03,13,STC0313,05081,Intermedia,Benito Juárez,1980
09,Ciudad de México,014,Benito Juárez,014-032,Narvarte Poniente,Colonia,STC Metro,Eugenia,03,14,STC0314,05072,Intermedia,Benito Juárez,1980
09,Ciudad de México,014,Benito Juárez,014-024,Letran Valle,Colonia,STC Metro,División del Norte,03,15,STC0315,05071,Intermedia,Benito Juárez,1980
09,Ciudad de México,014,Benito Juárez,014-047,Santa Cruz Atoyac,Colonia,STC Metro,Zapata,03,16,STC0316,05085,Transbordo,Benito Juárez,1980
09,Ciudad de México,014,Benito Juárez,014-052,Xoco,Colonia,STC Metro,Coyoacán,03,17,STC0317,05068,Intermedia,Benito Juárez,1983
09,Ciudad de México,010,Álvaro Obregón,010-083,Florida,Colonia,STC Metro,Viveros/Derechos Humanos,03,18,STC0318,05070,Intermedia,Álvaro Obregón / Coyoacán,1983
09,Ciudad de México,003,Coyoacán,003-087,Romero De Terreros,Colonia,STC Metro,Miguel Ángel de Quevedo,03,19,STC0319,05079,Intermedia,Coyoacán,1983
09,Ciudad de México,003,Coyoacán,003-023,Copilco Universidad,Colonia,STC Metro,Copilco,03,20,STC0320,05067,Intermedia,Coyoacán,1983
09,Ciudad de México,003,Coyoacán,003-020,Ciudad Universitaria,Colonia,STC Metro,Universidad,03,21,STC0321,05084,Terminal,Coyoacán,1983
09,Ciudad de México,006,Iztacalco,006-036,Santa Anita,Colonia,STC Metro,Santa Anita,04,01,STC0401,05094,Terminal / Transbordo,Iztacalco,1982
09,Ciudad de México,017,Venustiano Carranza,017-061,Sevilla,Colonia,STC Metro,Jamaica,04,02,STC0402,05091,Transbordo,Venustiano Carranza,1982
09,Ciudad de México,017,Venustiano Carranza,017-044,Merced Balbuena,Colonia,STC Metro,Fray Servando,04,03,STC0403,05090,Intermedia,Venustiano Carranza,1982
09,Ciudad de México,017,Venustiano Carranza,017-032,Del Parque,Colonia,STC Metro,Candelaria,04,04,STC0404,05088,Transbordo,Venustiano Carranza,1981
09,Ciudad de México,017,Venustiano Carranza,017-049,Morelos,Colonia,STC Metro,Morelos,04,05,STC0405,05093,Transbordo,Venustiano Carranza,1981
09,Ciudad de México,017,Venustiano Carranza,017-040,Janitzio,Colonia,STC Metro,Canal del Norte,04,06,STC0406,05087,Intermedia,Venustiano Carranza,1981
09,Ciudad de México,005,Gustavo A. Madero,005-114,Martires De Rio Blanco,Colonia,STC Metro,Consulado,04,07,STC0407,05089,Transbordo,Gustavo A. Madero,1981
09,Ciudad de México,005,Gustavo A. Madero,005-159,Tablas De San Agustin,Colonia,STC Metro,Bondojito,04,08,STC0408,05086,Intermedia,Gustavo A. Madero,1981
09,Ciudad de México,005,Gustavo A. Madero,005-021,Ampliacion San Juan De Aragon,Colonia,STC Metro,Talismán,04,09,STC0409,05095,Intermedia,Gustavo A. Madero,1981
09,Ciudad de México,005,Gustavo A. Madero,005-001,15 De Agosto,Colonia,STC Metro,Martín Carrera,04,10,STC0410,05092,Terminal / Transbordo,Gustavo A. Madero,1981
09,Ciudad de México,005,Gustavo A. Madero,005-119,Nueva Industrial Vallejo,Colonia,STC Metro,Politécnico,05,01,STC0501,05106,Terminal,Gustavo A. Madero,1982
09,Ciudad de México,005,Gustavo A. Madero,005-138,San Bartolo Atepehuacan,Colonia,STC Metro,Instituto del Petróleo,05,02,STC0502,05101,Transbordo,Gustavo A. Madero,1982
09,Ciudad de México,005,Gustavo A. Madero,005-111,Magdalena De Las Salinas,Colonia,STC Metro,Autobuses del Norte,05,03,STC0503,05097,Intermedia,Gustavo A. Madero,1982
09,Ciudad de México,005,Gustavo A. Madero,005-171,Vallejo,Colonia,STC Metro,La Raza,05,04,STC0504,05102,Transbordo,Gustavo A. Madero,1982
09,Ciudad de México,005,Gustavo A. Madero,005-171,Vallejo,Colonia,STC Metro,Misterios,05,05,STC0505,05103,Intermedia,Gustavo A. Madero / Cuauhtémoc,1982
09,Ciudad de México,005,Gustavo A. Madero,005-004,7 De Noviembre,Colonia,STC Metro,Valle Gómez,05,06,STC0506,05108,Intermedia,Gustavo A. Madero / Venustiano Carranza,1982
09,Ciudad de México,005,Gustavo A. Madero,005-004,7 De Noviembre,Colonia,STC Metro,Consulado,05,07,STC0507,05098,Transbordo,Gustavo A. Madero / Venustiano Carranza,1981
09,Ciudad de México,005,Gustavo A. Madero,005-099,La Malinche,Colonia,STC Metro,Eduardo Molina,05,08,STC0508,05099,Intermedia,Gustavo A. Madero / Venustiano Carranza,1981
09,Ciudad de México,005,Gustavo A. Madero,005-069,Fernando Casas Aleman,Colonia,STC Metro,Aragón,05,09,STC0509,05096,Intermedia,Gustavo A. Madero / Venustiano Carranza,1981
09,Ciudad de México,017,Venustiano Carranza,017-052,Pensador Mexicano,Colonia,STC Metro,Oceanía,05,10,STC0510,05104,Transbordo,Venustiano Carranza,1981
09,Ciudad de México,017,Venustiano Carranza,017-048,Moctezuma 2a. Seccion,Colonia,STC Metro,Terminal Aérea,05,11,STC0511,05107,Intermedia,Venustiano Carranza,1981
09,Ciudad de México,017,Venustiano Carranza,017-025,Arpto Int De La Cd De Mex-Equipamiento,Colonia,STC Metro,Hangares,05,12,STC0512,05100,Intermedia,Venustiano Carranza,1981
09,Ciudad de México,017,Venustiano Carranza,017-009,Adolfo Lopez Mateos,Colonia,STC Metro,Pantitlán,05,13,STC0513,05105,Terminal / Transbordo,Venustiano Carranza,1981
09,Ciudad de México,002,Azcapotzalco,002-027,El Rosario,Colonia,STC Metro,El Rosario,06,01,STC0601,05112,Terminal / Transbordo,Azcapotzalco,1983
09,Ciudad de México,002,Azcapotzalco,002-047,Pasteros,Colonia,STC Metro,Tezozómoc,06,02,STC0602,05118,Intermedia,Azcapotzalco,1983
09,Ciudad de México,002,Azcapotzalco,002-056,Pueblo San Andres,Pueblos y Barrios Originarios,STC Metro,UAM Azcapotzalco,06,03,STC0603,05110,Intermedia,Azcapotzalco,1983
09,Ciudad de México,002,Azcapotzalco,002-066,Pueblo Santa Catarina,Pueblos y Barrios Originarios,STC Metro,Ferrería/Arena Ciudad de México,06,04,STC0604,05109,Intermedia,Azcapotzalco,1983
09,Ciudad de México,002,Azcapotzalco,002-034,Industrial Vallejo,Colonia,STC Metro,Norte 45,06,05,STC0605,05117,Intermedia,Azcapotzalco,1983
09,Ciudad de México,002,Azcapotzalco,002-057,Pueblo San Andres De Las Salinas,Pueblos y Barrios Originarios,STC Metro,Vallejo,06,06,STC0606,05119,Intermedia,Azcapotzalco,1983
09,Ciudad de México,005,Gustavo A. Madero,005-107,Lindavista Vallejo 3a Seccion,Colonia,STC Metro,Instituto del Petróleo,06,07,STC0607,05113,Transbordo,Gustavo A. Madero,1983
09,Ciudad de México,005,Gustavo A. Madero,005-104,Lindavista Sur,Colonia,STC Metro,Lindavista,06,08,STC0608,05115,Intermedia,Gustavo A. Madero,1986
09,Ciudad de México,005,Gustavo A. Madero,005-161,Tepeyac Insurgentes,Colonia,STC Metro,Deportivo 18 de Marzo,06,09,STC0609,05111,Transbordo,Gustavo A. Madero,1986
09,Ciudad de México,005,Gustavo A. Madero,005-161,Tepeyac Insurgentes,Colonia,STC Metro,La Villa/Basílica,06,10,STC0610,05114,Intermedia,Gustavo A. Madero,1986
09,Ciudad de México,005,Gustavo A. Madero,005-001,15 De Agosto,Colonia,STC Metro,Martín Carrera,06,11,STC0611,05116,Terminal / Transbordo,Gustavo A. Madero,1986
09,Ciudad de México,002,Azcapotzalco,002-027,El Rosario,Colonia,STC Metro,El Rosario,07,01,STC0701,05125,Terminal / Transbordo,Azcapotzalco,1988
09,Ciudad de México,002,Azcapotzalco,002-082,Tezozomoc,Colonia,STC Metro,Aquiles Serdán,07,02,STC0702,05120,Intermedia,Azcapotzalco,1988
09,Ciudad de México,002,Azcapotzalco,002-059,Pueblo San Francisco Tetecala,Pueblos y Barrios Originarios,STC Metro,Camarones,07,03,STC0703,05123,Intermedia,Azcapotzalco,1988
09,Ciudad de México,016,Miguel Hidalgo,016-076,San Lorenzo Tlatenango,Colonia,STC Metro,Refinería,07,04,STC0704,05128,Intermedia,Azcapotzalco,1988
09,Ciudad de México,016,Miguel Hidalgo,016-080,Tacuba,Colonia,STC Metro,Tacuba,07,05,STC0705,05132,Transbordo,Miguel Hidalgo,1984
09,Ciudad de México,016,Miguel Hidalgo,016-052,Modelo Pensil,Colonia,STC Metro,San Joaquín,07,06,STC0706,05130,Intermedia,Miguel Hidalgo,1984
09,Ciudad de México,016,Miguel Hidalgo,016-066,Polanco V Seccion,Colonia,STC Metro,Polanco,07,07,STC0707,05127,Intermedia,Miguel Hidalgo,1984
09,Ciudad de México,016,Miguel Hidalgo,016-017,Bosque De Chapultepec I Seccion,Colonia,STC Metro,Auditorio,07,08,STC0708,05121,Intermedia,Miguel Hidalgo,1984
09,Ciudad de México,016,Miguel Hidalgo,016-077,San Miguel Chapultepec I Seccion,Colonia,STC Metro,Constituyentes,07,09,STC0709,05124,Intermedia,Miguel Hidalgo,1985
09,Ciudad de México,016,Miguel Hidalgo,016-081,Tacubaya,Colonia,STC Metro,Tacubaya,07,10,STC0710,05133,Transbordo,Miguel Hidalgo,1985
09,Ciudad de México,014,Benito Juárez,014-045,San Pedro De Los Pinos,Colonia,STC Metro,San Pedro de Los Pinos,07,11,STC0711,05131,Intermedia,Benito Juárez,1985
09,Ciudad de México,014,Benito Juárez,014-048,Santa Maria Nonoalco,Colonia,STC Metro,San Antonio,07,12,STC0712,05129,Intermedia,Benito Juárez,1985
09,Ciudad de México,014,Benito Juárez,014-020,Insurgentes Mixcoac,Colonia,STC Metro,Mixcoac,07,13,STC0713,05126,Transbordo,Benito Juárez,1985
09,Ciudad de México,010,Álvaro Obregón,010-090,Guadalupe Inn,Colonia,STC Metro,Barranca del Muerto,07,14,STC0714,05122,Terminal,Álvaro Obregón,1985
09,Ciudad de México,015,Cuauhtémoc,015-019,Morelos,Colonia,STC Metro,Garibaldi/Lagunilla,08,01,STC0801,05144,Terminal / Transbordo,Cuauhtémoc,1994
09,Ciudad de México,015,Cuauhtémoc,015-007,Centro,Colonia,STC Metro,Bellas Artes,08,02,STC0802,05137,Transbordo,Cuauhtémoc,1994
09,Ciudad de México,015,Cuauhtémoc,015-007,Centro,Colonia,STC Metro,San Juan de Letrán,08,03,STC0803,05150,Intermedia,Cuauhtémoc,1994
09,Ciudad de México,015,Cuauhtémoc,015-007,Centro,Colonia,STC Metro,Salto del Agua,08,04,STC0804,05149,Transbordo,Cuauhtémoc,1994
09,Ciudad de México,015,Cuauhtémoc,015-010,Doctores,Colonia,STC Metro,Doctores,08,05,STC0805,05142,Intermedia,Cuauhtémoc,1994
09,Ciudad de México,015,Cuauhtémoc,015-010,Doctores,Colonia,STC Metro,Obrera,08,06,STC0806,05148,Intermedia,Cuauhtémoc,1994
09,Ciudad de México,015,Cuauhtémoc,015-033,Vista Alegre,Colonia,STC Metro,Chabacano,08,07,STC0807,05139,Transbordo,Cuauhtémoc,1994
09,Ciudad de México,015,Cuauhtémoc,015-003,Asturias,Colonia,STC Metro,La Viga,08,08,STC0808,05147,Intermedia,Cuauhtémoc / Venustiano Carranza,1994
09,Ciudad de México,006,Iztacalco,006-036,Santa Anita,Colonia,STC Metro,Santa Anita,08,09,STC0809,05151,Transbordo,Iztacalco,1994
09,Ciudad de México,006,Iztacalco,006-037,Tlazintla,Colonia,STC Metro,Coyuya,08,10,STC0810,05141,Intermedia,Iztacalco,1994
09,Ciudad de México,006,Iztacalco,006-013,Campamento 2 De Octubre,Colonia,STC Metro,Iztacalco,08,11,STC0811,05145,Intermedia,Iztacalco,1994
09,Ciudad de México,007,Iztapalapa,007-134,Pueblo Magdalena Atlazolpa,Pueblos y Barrios Originarios,STC Metro,Apatlaco,08,12,STC0812,05135,Intermedia,Iztapalapa,1994
09,Ciudad de México,007,Iztapalapa,007-070,El Sifon,Colonia,STC Metro,Aculco,08,13,STC0813,05134,Intermedia,Iztapalapa,1994
09,Ciudad de México,007,Iztapalapa,007-075,Escuadron 201,Colonia,STC Metro,Escuadrón 201,08,14,STC0814,05143,Intermedia,Iztapalapa,1994
09,Ciudad de México,007,Iztapalapa,007-031,Barrio Santa Barbara,Pueblos y Barrios Originarios,STC Metro,Atlalilco,08,15,STC0815,05136,Transbordo,Iztapalapa,1994
09,Ciudad de México,007,Iztapalapa,007-028,Barrio San Pablo,Pueblos y Barrios Originarios,STC Metro,Iztapalapa,08,16,STC0816,05146,Intermedia,Iztapalapa,1994
09,Ciudad de México,007,Iztapalapa,007-027,Barrio San Miguel,Pueblos y Barrios Originarios,STC Metro,Cerro de la Estrella,08,17,STC0817,05138,Intermedia,Iztapalapa,1994
09,Ciudad de México,007,Iztapalapa,007-027,Barrio San Miguel,Pueblos y Barrios Originarios,STC Metro,UAM-I,08,18,STC0818,05152,Intermedia,Iztapalapa,1994
09,Ciudad de México,007,Iztapalapa,007-049,Constitucion De 1917,Colonia,STC Metro,Constitución de 1917,08,19,STC0819,05140,Terminal,Iztapalapa,1994
09,Ciudad de México,006,Iztacalco,006-002,Agricola Pantitlan,Colonia,STC Metro,Pantitlán,09,01,STC0901,05160,Terminal / Transbordo,Venustiano Carranza / Iztacalco,1987
09,Ciudad de México,006,Iztacalco,006-023,Granjas Mexico,Colonia,STC Metro,Puebla,09,02,STC0902,05162,Intermedia,Venustiano Carranza / Iztacalco,1987
09,Ciudad de México,006,Iztacalco,006-023,Granjas Mexico,Colonia,STC Metro,Ciudad Deportiva,09,03,STC0903,05156,Intermedia,Venustiano Carranza / Iztacalco,1987
09,Ciudad de México,017,Venustiano Carranza,017-041,Jardin Balbuena,Colonia,STC Metro,Velódromo,09,04,STC0904,05164,Intermedia,Venustiano Carranza,1987
09,Ciudad de México,017,Venustiano Carranza,017-041,Jardin Balbuena,Colonia,STC Metro,Mixhiuca,09,05,STC0905,05159,Intermedia,Venustiano Carranza,1987
09,Ciudad de México,017,Venustiano Carranza,017-061,Sevilla,Colonia,STC Metro,Jamaica,09,06,STC0906,05157,Transbordo,Venustiano Carranza,1987
09,Ciudad de México,015,Cuauhtémoc,015-033,Vista Alegre,Colonia,STC Metro,Chabacano,09,07,STC0907,05154,Transbordo,Cuauhtémoc,1987
09,Ciudad de México,015,Cuauhtémoc,015-021,Obrera,Colonia,STC Metro,Lázaro Cárdenas,09,08,STC0908,05158,Intermedia,Cuauhtémoc,1987
09,Ciudad de México,015,Cuauhtémoc,015-025,Roma Sur,Colonia,STC Metro,Centro Médico,09,09,STC0909,05153,Transbordo,Cuauhtémoc,1987
09,Ciudad de México,015,Cuauhtémoc,015-025,Roma Sur,Colonia,STC Metro,Chilpancingo,09,10,STC0910,05155,Intermedia,Cuauhtémoc,1988
09,Ciudad de México,015,Cuauhtémoc,015-015,Hipodromo,Colonia,STC Metro,Patriotismo,09,11,STC0911,05161,Intermedia,Cuauhtémoc / Miguel Hidalgo,1988
09,Ciudad de México,016,Miguel Hidalgo,016-081,Tacubaya,Colonia,STC Metro,Tacubaya,09,12,STC0912,05163,Terminal / Transbordo,Miguel Hidalgo,1988
09,Ciudad de México,011,Tláhuac,011-040,El Triangulo,Colonia,STC Metro,Tláhuac,12,01,STC1201,05037,Terminal,Tláhuac,2012
09,Ciudad de México,011,Tláhuac,011-040,El Triangulo,Colonia,STC Metro,Tlaltenco,12,02,STC1202,05038,Intermedia,Tláhuac,2012
09,Ciudad de México,011,Tláhuac,011-034,Barrio Santiago Centro Del Pueblo Santiago Zapotitlan,Pueblos y Barrios Originarios,STC Metro,Zapotitlán,12,03,STC1203,05040,Intermedia,Tláhuac,2012
09,Ciudad de México,011,Tláhuac,011-030,Barrio Santa Ana Poniente,Pueblos y Barrios Originarios,STC Metro,Nopalera,12,04,STC1204,05031,Intermedia,Tláhuac,2012
09,Ciudad de México,011,Tláhuac,011-005,Ampliacion Los Olivos,Colonia,STC Metro,Olivos,12,05,STC1205,05032,Intermedia,Tláhuac,2012
09,Ciudad de México,007,Iztapalapa,007-068,El Rosario,Colonia,STC Metro,Tezonco,12,06,STC1206,05036,Intermedia,Iztapalapa,2012
09,Ciudad de México,007,Iztapalapa,007-015,Año De Juarez,Colonia,STC Metro,Periferico Oriente,12,07,STC1207,05034,Intermedia,Iztapalapa,2012
09,Ciudad de México,007,Iztapalapa,007-073,El Vergel,Colonia,STC Metro,Calle 11,12,08,STC1208,05022,Intermedia,Iztapalapa,2012
09,Ciudad de México,007,Iztapalapa,007-109,Lomas Estrella,Colonia,STC Metro,Lomas Estrella,12,09,STC1209,05028,Intermedia,Iztapalapa,2012
09,Ciudad de México,007,Iztapalapa,007-136,Pueblo San Andres Tomatlan,Pueblos y Barrios Originarios,STC Metro,San Andres Tomatlán,12,10,STC1210,05035,Intermedia,Iztapalapa,2012
09,Ciudad de México,007,Iztapalapa,007-132,Pueblo Culhuacan,Pueblos y Barrios Originarios,STC Metro,Culhuacán,12,11,STC1211,05023,Intermedia,Iztapalapa,2012
09,Ciudad de México,007,Iztapalapa,007-177,Santa Isabel Industrial,Colonia,STC Metro,Atlalilco,12,12,STC1212,05021,Transbordo,Iztapalapa,2012
09,Ciudad de México,007,Iztapalapa,007-036,Cacama,Colonia,STC Metro,Mexicaltzingo,12,13,STC1213,05029,Intermedia,Iztapalapa / Coyoacán,2012
09,Ciudad de México,014,Benito Juárez,014-027,Miravalle,Colonia,STC Metro,Ermita,12,14,STC1214,05025,Transbordo,Benito Juárez,2012
09,Ciudad de México,014,Benito Juárez,014-040,Portales Sur,Colonia,STC Metro,Eje Central,12,15,STC1215,05024,Intermedia,Benito Juárez,2012
09,Ciudad de México,014,Benito Juárez,014-047,Santa Cruz Atoyac,Colonia,STC Metro,Parque de los Venados,12,16,STC1216,05033,Intermedia,Benito Juárez,2012
09,Ciudad de México,014,Benito Juárez,014-015,Del Valle Sur,Colonia,STC Metro,Zapata,12,17,STC1217,05039,Transbordo,Benito Juárez,2012
09,Ciudad de México,014,Benito Juárez,014-015,Del Valle Sur,Colonia,STC Metro,Hospital 20 de Noviembre,12,18,STC1218,05026,Intermedia,Benito Juárez,2012
09,Ciudad de México,014,Benito Juárez,014-049,Tlacoquemecatl,Colonia,STC Metro,Insurgentes Sur,12,19,STC1219,05027,Intermedia,Benito Juárez,2012
09,Ciudad de México,014,Benito Juárez,014-020,Insurgentes Mixcoac,Colonia,STC Metro,Mixcoac,12,20,STC1220,05030,Terminal / Transbordo,Benito Juárez,2012
09,Ciudad de México,006,Iztacalco,006-002,Agricola Pantitlan,Colonia,STC Metro,Pantitlán,A,01,STCLA01,05171,Terminal / Transbordo,Iztacalco,1991
09,Ciudad de México,006,Iztacalco,006-001,Agricola Oriental,Colonia,STC Metro,Agrícola Oriental,A,02,STCLA02,05166,Intermedia,Iztacalco,1991
09,Ciudad de México,006,Iztacalco,006-002,Agricola Pantitlan,Colonia,STC Metro,Canal de San Juan,A,03,STCLA03,05167,Intermedia,Iztacalco,1991
09,Ciudad de México,007,Iztapalapa,007-094,Juan Escutia,Colonia,STC Metro,Tepalcates,A,04,STCLA04,05174,Intermedia,Iztapalapa,1991
09,Ciudad de México,007,Iztapalapa,007-057,Ejercito De Oriente,Colonia,STC Metro,Guelatao,A,05,STCLA05,05168,Intermedia,Iztapalapa,1991
09,Ciudad de México,007,Iztapalapa,007-181,Santa Martha Acatitla Sur,Colonia,STC Metro,Peñón Viejo,A,06,STCLA06,05172,Intermedia,Iztapalapa,1991
09,Ciudad de México,007,Iztapalapa,007-180,Santa Martha Acatitla Norte,Colonia,STC Metro,Acatitla,A,07,STCLA07,05165,Intermedia,Iztapalapa,1991
09,Ciudad de México,007,Iztapalapa,007-074,Ermita Zaragoza,Colonia,STC Metro,Santa Marta,A,08,STCLA08,05173,Intermedia,Iztapalapa,1991
09,Ciudad de México,015,Cuauhtémoc,015-005,Buenavista,Colonia,STC Metro,Buenavista,B,01,STCLB01,05176,Terminal,Cuauhtémoc,1999
09,Ciudad de México,015,Cuauhtémoc,015-014,Guerrero,Colonia,STC Metro,Guerrero,B,02,STCLB02,05181,Transbordo,Cuauhtémoc,1999
09,Ciudad de México,015,Cuauhtémoc,015-019,Morelos,Colonia,STC Metro,Garibaldi/Lagunilla,B,03,STCLB03,05180,Transbordo,Cuauhtémoc,1999
09,Ciudad de México,015,Cuauhtémoc,015-019,Morelos,Colonia,STC Metro,Lagunilla,B,04,STCLB04,05183,Intermedia,Cuauhtémoc,1999
09,Ciudad de México,015,Cuauhtémoc,015-019,Morelos,Colonia,STC Metro,Tepito,B,05,STCLB05,05194,Intermedia,Cuauhtémoc,1999
09,Ciudad de México,017,Venustiano Carranza,017-049,Morelos,Colonia,STC Metro,Morelos,B,06,STCLB06,05184,Transbordo,Venustiano Carranza,1999
09,Ciudad de México,017,Venustiano Carranza,017-007,7 De Julio,Colonia,STC Metro,San Lázaro,B,07,STCLB07,05193,Transbordo,Venustiano Carranza,1999
09,Ciudad de México,017,Venustiano Carranza,017-058,Revolucion,Colonia,STC Metro,Ricardo Flores Magón,B,08,STCLB08,05190,Intermedia,Venustiano Carranza,1999
09,Ciudad de México,017,Venustiano Carranza,017-059,Romero Rubio,Colonia,STC Metro,Romero Rubio,B,09,STCLB09,05192,Intermedia,Venustiano Carranza,1999
09,Ciudad de México,017,Venustiano Carranza,017-052,Pensador Mexicano,Colonia,STC Metro,Oceanía,B,10,STCLB10,05187,Transbordo,Gustavo A. Madero / Venustiano Carranza,1999
09,Ciudad de México,005,Gustavo A. Madero,005-144,San Juan De Aragon Ii Seccion,Colonia,STC Metro,Deportivo Oceanía,B,11,STCLB11,05178,Intermedia,Gustavo A. Madero,1999
09,Ciudad de México,005,Gustavo A. Madero,005-142,San Juan De Aragon,Colonia,STC Metro,Bosque de Aragón,B,12,STCLB12,05175,Intermedia,Gustavo A. Madero,1999
09,Ciudad de México,005,Gustavo A. Madero,005-142,San Juan De Aragon,Colonia,STC Metro,Villa de Aragón,B,13,STCLB13,05195,Intermedia,Gustavo A. Madero,1999
09,Ciudad de México,002,Azcapotzalco,002-001,Aguilera,Colonia,,,,,,,,,
09,Ciudad de México,002,Azcapotzalco,002-002,Aldana,Colonia,,,,,,,,,
09,Ciudad de México,002,Azcapotzalco,002-003,Ampliacion Cosmopolita,Colonia,,,,,,,,,
09,Ciudad de México,002,Azcapotzalco,002-004,Ampliacion Del Gas,Colonia,,,,,,,,,
09,Ciudad de México,002,Azcapotzalco,002-005,Ampliacion Petrolera,Colonia,,,,,,,,,
09,Ciudad de México,002,Azcapotzalco,002-006,Ampliacion San Pedro Xalpa,Colonia,,,,,,,,,
09,Ciudad de México,002,Azcapotzalco,002-007,Angel Zimbron,Colonia,,,,,,,,,
09,Ciudad de México,002,Azcapotzalco,002-008,Arenal,Colonia,,,,,,,,,
09,Ciudad de México,002,Azcapotzalco,002-009,Barrio Coltongo,Pueblos y Barrios Originarios,,,,,,,,,
09,Ciudad de México,002,Azcapotzalco,002-010,Barrio Huautla De Las Salinas,Pueblos y Barrios Originarios,,,,,,,,,
09,Ciudad de México,002,Azcapotzalco,002-011,Barrio Los Reyes,Pueblos y Barrios Originarios,,,,,,,,,
09,Ciudad de México,002,Azcapotzalco,002-012,Barrio Nextengo,Pueblos y Barrios Originarios,,,,,,,,,
09,Ciudad de México,002,Azcapotzalco,002-013,Barrio San Andres,Pueblos y Barrios Originarios,,,,,,,,,
09,Ciudad de México,002,Azcapotzalco,002-014,Barrio San Bernabe,Pueblos y Barrios Originarios,,,,,,,,,
09,Ciudad de México,002,Azcapotzalco,002-015,Barrio San Marcos,Pueblos y Barrios Originarios,,,,,,,,,
09,Ciudad de México,002,Azcapotzalco,002-016,Barrio San Mateo,Pueblos y Barrios Originarios,,,,,,,,,
09,Ciudad de México,002,Azcapotzalco,002-017,Barrio Santa Apolonia,Pueblos y Barrios Originarios,,,,,,,,,
09,Ciudad de México,002,Azcapotzalco,002-018,Barrio Santa Lucia,Pueblos y Barrios Originarios,,,,,,,,,
09,Ciudad de México,002,Azcapotzalco,002-019,Centro De Azcapotzalco,Colonia,,,,,,,,,
09,Ciudad de México,002,Azcapotzalco,002-020,Claveria,Colonia,,,,,,,,,
09,Ciudad de México,002,Azcapotzalco,002-021,Coltongo,Colonia,,,,,,,,,
09,Ciudad de México,002,Azcapotzalco,002-022,Cosmopolita,Colonia,,,,,,,,,
09,Ciudad de México,002,Azcapotzalco,002-023,Del Gas,Colonia,,,,,,,,,
09,Ciudad de México,002,Azcapotzalco,002-024,Del Maestro,Colonia,,,,,,,,,
09,Ciudad de México,002,Azcapotzalco,002-025,Del Recreo,Colonia,,,,,,,,,
09,Ciudad de México,002,Azcapotzalco,002-026,El Jaguey,Colonia,,,,,,,,,
09,Ciudad de México,002,Azcapotzalco,002-028,Estacion Pantaco,Colonia,,,,,,,,,
09,Ciudad de México,002,Azcapotzalco,002-029,Euzkadi,Colonia,,,,,,,,,
09,Ciudad de México,002,Azcapotzalco,002-030,Ex-Hacienda El Rosario,Colonia,,,,,,,,,
09,Ciudad de México,002,Azcapotzalco,002-031,Ferreria,Colonia,,,,,,,,,
09,Ciudad de México,002,Azcapotzalco,002-032,Ignacio Allende,Colonia,,,,,,,,,
09,Ciudad de México,002,Azcapotzalco,002-033,Industrial San Antonio,Colonia,,,,,,,,,
09,Ciudad de México,002,Azcapotzalco,002-035,Jardin Azpeitia,Colonia,,,,,,,,,
09,Ciudad de México,002,Azcapotzalco,002-036,La Preciosa,Colonia,,,,,,,,,
09,Ciudad de México,002,Azcapotzalco,002-037,La Raza,Colonia,,,,,,,,,
09,Ciudad de México,002,Azcapotzalco,002-038,Las Salinas,Colonia,,,,,,,,,
09,Ciudad de México,002,Azcapotzalco,002-039,Liberacion,Colonia,,,,,,,,,
09,Ciudad de México,002,Azcapotzalco,002-040,Libertad,Colonia,,,,,,,,,
09,Ciudad de México,002,Azcapotzalco,002-041,Monte Alto,Colonia,,,,,,,,,
09,Ciudad de México,002,Azcapotzalco,002-042,Nueva El Rosario,Colonia,,,,,,,,,
09,Ciudad de México,002,Azcapotzalco,002-043,Nueva España,Colonia,,,,,,,,,
09,Ciudad de México,002,Azcapotzalco,002-044,Nueva Santa Maria,Colonia,,,,,,,,,
09,Ciudad de México,002,Azcapotzalco,002-045,Nuevo Barrio San Rafael,Pueblos y Barrios Originarios,,,,,,,,,
09,Ciudad de México,002,Azcapotzalco,002-046,Obrero Popular,Colonia,,,,,,,,,
09,Ciudad de México,002,Azcapotzalco,002-048,Patrimonio Familiar,Colonia,,,,,,,,,
09,Ciudad de México,002,Azcapotzalco,002-049,Petrolera,Colonia,,,,,,,,,
09,Ciudad de México,002,Azcapotzalco,002-050,Plenitud,Colonia,,,,,,,,,
09,Ciudad de México,002,Azcapotzalco,002-051,Porvenir,Colonia,,,,,,,,,
09,Ciudad de México,002,Azcapotzalco,002-052,Potrero Del Llano,Colonia,,,,,,,,,
09,Ciudad de México,002,Azcapotzalco,002-053,Prados Del Rosario,Colonia,,,,,,,,,
09,Ciudad de México,002,Azcapotzalco,002-054,Pro Hogar,Colonia,,,,,,,,,
09,Ciudad de México,002,Azcapotzalco,002-055,Providencia,Colonia,,,,,,,,,
09,Ciudad de México,002,Azcapotzalco,002-058,Pueblo San Bartolo Cahualtongo,Pueblos y Barrios Originarios,,,,,,,,,
09,Ciudad de México,002,Azcapotzalco,002-060,Pueblo San Francisco Xocotitla,Pueblos y Barrios Originarios,,,,,,,,,
09,Ciudad de México,002,Azcapotzalco,002-061,Pueblo San Juan Tlihuaca,Pueblos y Barrios Originarios,,,,,,,,,
09,Ciudad de México,002,Azcapotzalco,002-062,Pueblo San Martin Xochinahuac,Pueblos y Barrios Originarios,,,,,,,,,
09,Ciudad de México,002,Azcapotzalco,002-063,Pueblo San Miguel Amantla,Pueblos y Barrios Originarios,,,,,,,,,
09,Ciudad de México,002,Azcapotzalco,002-064,Pueblo San Pedro Xalpa,Pueblos y Barrios Originarios,,,,,,,,,
09,Ciudad de México,002,Azcapotzalco,002-065,Pueblo Santa Barbara,Pueblos y Barrios Originarios,,,,,,,,,
09,Ciudad de México,002,Azcapotzalco,002-067,Pueblo Santa Cruz Acayucan,Pueblos y Barrios Originarios,,,,,,,,,
09,Ciudad de México,002,Azcapotzalco,002-068,Pueblo Santa Maria Malinalco,Pueblos y Barrios Originarios,,,,,,,,,
09,Ciudad de México,002,Azcapotzalco,002-069,Pueblo Santiago Ahuizotla,Pueblos y Barrios Originarios,,,,,,,,,
09,Ciudad de México,002,Azcapotzalco,002-070,Pueblo Santo Domingo,Pueblos y Barrios Originarios,,,,,,,,,
09,Ciudad de México,002,Azcapotzalco,002-071,Reynosa Tamaulipas,Colonia,,,,,,,,,
09,Ciudad de México,002,Azcapotzalco,002-072,San Alvaro,Colonia,,,,,,,,,
09,Ciudad de México,002,Azcapotzalco,002-073,San Antonio,Colonia,,,,,,,,,
09,Ciudad de México,002,Azcapotzalco,002-074,San Rafael,Colonia,,,,,,,,,
09,Ciudad de México,002,Azcapotzalco,002-075,San Salvador Xochimanca,Colonia,,,,,,,,,
09,Ciudad de México,002,Azcapotzalco,002-076,San Sebastian,Colonia,,,,,,,,,
09,Ciudad de México,002,Azcapotzalco,002-077,Santa Cruz De Las Salinas,Colonia,,,,,,,,,
09,Ciudad de México,002,Azcapotzalco,002-078,Santa Ines,Colonia,,,,,,,,,
09,Ciudad de México,002,Azcapotzalco,002-079,Santo Tomas,Colonia,,,,,,,,,
09,Ciudad de México,002,Azcapotzalco,002-080,Sector Naval,Colonia,,,,,,,,,
09,Ciudad de México,002,Azcapotzalco,002-081,Sindicato Mexicano De Electricistas,Colonia,,,,,,,,,
09,Ciudad de México,002,Azcapotzalco,002-083,Tierra Nueva,Colonia,,,,,,,,,
09,Ciudad de México,002,Azcapotzalco,002-084,Tlatilco,Colonia,,,,,,,,,
09,Ciudad de México,002,Azcapotzalco,002-085,Trabajadores De Hierro,Colonia,,,,,,,,,
09,Ciudad de México,002,Azcapotzalco,002-086,Un Hogar Para Cada Trabajador,Colonia,,,,,,,,,
09,Ciudad de México,002,Azcapotzalco,002-087,Unidad Cuitlahuac,Colonia,,,,,,,,,
09,Ciudad de México,002,Azcapotzalco,002-088,Victoria De Las Democracias,Colonia,,,,,,,,,
09,Ciudad de México,003,Coyoacán,003-001,Adolfo Ruiz Cortinez,Colonia,,,,,,,,,
09,Ciudad de México,003,Coyoacán,003-002,Ajusco,Colonia,,,,,,,,,
09,Ciudad de México,003,Coyoacán,003-003,Alianza Popular Revolucionaria,Colonia,,,,,,,,,
09,Ciudad de México,003,Coyoacán,003-004,Atlantida,Colonia,,,,,,,,,
09,Ciudad de México,003,Coyoacán,003-005,Avante,Colonia,,,,,,,,,
09,Ciudad de México,003,Coyoacán,003-006,Barrio Del Niño Jesus,Pueblos y Barrios Originarios,,,,,,,,,
09,Ciudad de México,003,Coyoacán,003-007,Barrio La Concepcion,Pueblos y Barrios Originarios,,,,,,,,,
09,Ciudad de México,003,Coyoacán,003-008,Barrio Oxtopulco Universidad,Pueblos y Barrios Originarios,,,,,,,,,
09,Ciudad de México,003,Coyoacán,003-009,Barrio San Lucas,Pueblos y Barrios Originarios,,,,,,,,,
09,Ciudad de México,003,Coyoacán,003-010,Barrio Santa Catarina,Pueblos y Barrios Originarios,,,,,,,,,
09,Ciudad de México,003,Coyoacán,003-011,Bosques De Tetlameya,Colonia,,,,,,,,,
09,Ciudad de México,003,Coyoacán,003-012,Cafetales,Colonia,,,,,,,,,
09,Ciudad de México,003,Coyoacán,003-014,Campestre Coyoacan,Colonia,,,,,,,,,
09,Ciudad de México,003,Coyoacán,003-015,Cantil Del Pedregal,Colonia,,,,,,,,,
09,Ciudad de México,003,Coyoacán,003-016,Cantil Del Pedregal,Colonia,,,,,,,,,
09,Ciudad de México,003,Coyoacán,003-017,Carmen Serdan,Colonia,,,,,,,,,
09,Ciudad de México,003,Coyoacán,003-019,Ciudad Jardin,Colonia,,,,,,,,,
09,Ciudad de México,003,Coyoacán,003-021,Copilco El Alto,Colonia,,,,,,,,,
09,Ciudad de México,003,Coyoacán,003-022,Copilco El Bajo,Colonia,,,,,,,,,
09,Ciudad de México,003,Coyoacán,003-024,Cuadrante De San Francisco,Colonia,,,,,,,,,
09,Ciudad de México,003,Coyoacán,003-025,Culhuacan C.t.m. Secciën X,Colonia,,,,,,,,,
09,Ciudad de México,003,Coyoacán,003-026,Culhuacan Ctm Canal Nacional,Colonia,,,,,,,,,
09,Ciudad de México,003,Coyoacán,003-027,Culhuacan Ctm Croc,Colonia,,,,,,,,,
09,Ciudad de México,003,Coyoacán,003-028,Culhuacan Ctm Seccion  I,Colonia,,,,,,,,,
09,Ciudad de México,003,Coyoacán,003-029,Culhuacan Ctm Seccion  Ii,Colonia,,,,,,,,,
09,Ciudad de México,003,Coyoacán,003-030,Culhuacan Ctm Seccion Iii,Colonia,,,,,,,,,
09,Ciudad de México,003,Coyoacán,003-031,Culhuacan Ctm Seccion Ix-A,Colonia,,,,,,,,,
09,Ciudad de México,003,Coyoacán,003-032,Culhuacan Ctm Seccion Ix-B,Colonia,,,,,,,,,
09,Ciudad de México,003,Coyoacán,003-033,Culhuacan Ctm Seccion Piloto,Colonia,,,,,,,,,
09,Ciudad de México,003,Coyoacán,003-034,Culhuacan Ctm Seccion V,Colonia,,,,,,,,,
09,Ciudad de México,003,Coyoacán,003-035,Culhuacan Ctm Seccion Vi,Colonia,,,,,,,,,
09,Ciudad de México,003,Coyoacán,003-036,Culhuacan Ctm Seccion Vii,Colonia,,,,,,,,,
09,Ciudad de México,003,Coyoacán,003-037,Culhuacan Ctm Seccion Viii,Colonia,,,,,,,,,
09,Ciudad de México,003,Coyoacán,003-038,Culhuacan Ctm Seccion X-A,Colonia,,,,,,,,,
09,Ciudad de México,003,Coyoacán,003-039,Del Carmen,Colonia,,,,,,,,,
09,Ciudad de México,003,Coyoacán,003-040,Educacion,Colonia,,,,,,,,,
09,Ciudad de México,003,Coyoacán,003-041,El Caracol,Colonia,,,,,,,,,
09,Ciudad de México,003,Coyoacán,003-042,El Centinela,Colonia,,,,,,,,,
09,Ciudad de México,003,Coyoacán,003-043,El Mirador,Colonia,,,,,,,,,
09,Ciudad de México,003,Coyoacán,003-044,El Parque De Coyoacan,Colonia,,,,,,,,,
09,Ciudad de México,003,Coyoacán,003-045,El Reloj,Colonia,,,,,,,,,
09,Ciudad de México,003,Coyoacán,003-046,El Rosario,Colonia,,,,,,,,,
09,Ciudad de México,003,Coyoacán,003-047,El Rosedal,Colonia,,,,,,,,,
09,Ciudad de México,003,Coyoacán,003-048,Emiliano Zapata,Colonia,,,,,,,,,
09,Ciudad de México,003,Coyoacán,003-049,Emiliano Zapata Fraccionamiento Popular,Colonia,,,,,,,,,
09,Ciudad de México,003,Coyoacán,003-050,Espartaco,Colonia,,,,,,,,,
09,Ciudad de México,003,Coyoacán,003-051,Ex-Ejido De San Francisco Culhuacan,Colonia,,,,,,,,,
09,Ciudad de México,003,Coyoacán,003-052,Ex Ejido De  Santa Ursula Coapa,Colonia,,,,,,,,,
09,Ciudad de México,003,Coyoacán,003-053,Ex Ejido San Pablo Tepetlapa,Colonia,,,,,,,,,
09,Ciudad de México,003,Coyoacán,003-054,Ex Hacienda Coapa,Colonia,,,,,,,,,
09,Ciudad de México,003,Coyoacán,003-055,Haciendas De Coyoacan,Colonia,,,,,,,,,
09,Ciudad de México,003,Coyoacán,003-056,Hermosillo,Colonia,,,,,,,,,
09,Ciudad de México,003,Coyoacán,003-057,Huayamilpas,Colonia,,,,,,,,,
09,Ciudad de México,003,Coyoacán,003-058,Insurgentes Cuicuilco,Colonia,,,,,,,,,
09,Ciudad de México,003,Coyoacán,003-059,Jardines De Coyoacan,Colonia,,,,,,,,,
09,Ciudad de México,003,Coyoacán,003-060,Jardines Del Pedregal De San Angel,Colonia,,,,,,,,,
09,Ciudad de México,003,Coyoacán,003-061,Joyas Del Pedregal,Colonia,,,,,,,,,
09,Ciudad de México,003,Coyoacán,003-062,La Otra Banda,Colonia,,,,,,,,,
09,Ciudad de México,003,Coyoacán,003-063,Las Campanas,Colonia,,,,,,,,,
09,Ciudad de México,003,Coyoacán,003-064,Los Cedros,Colonia,,,,,,,,,
09,Ciudad de México,003,Coyoacán,003-065,Los Cipreses,Colonia,,,,,,,,,
09,Ciudad de México,003,Coyoacán,003-066,Los Girasoles,Colonia,,,,,,,,,
09,Ciudad de México,003,Coyoacán,003-067,Los Olivos,Colonia,,,,,,,,,
09,Ciudad de México,003,Coyoacán,003-068,Los Sauces,Colonia,,,,,,,,,
09,Ciudad de México,003,Coyoacán,003-069,Nueva Diaz Ordaz,Colonia,,,,,,,,,
09,Ciudad de México,003,Coyoacán,003-070,Olimpica,Colonia,,,,,,,,,
09,Ciudad de México,003,Coyoacán,003-071,Parque San Andres,Colonia,,,,,,,,,
09,Ciudad de México,003,Coyoacán,003-072,Paseos De Taxqueña,Colonia,,,,,,,,,
09,Ciudad de México,003,Coyoacán,003-073,Pedregal De Carrasco,Colonia,,,,,,,,,
09,Ciudad de México,003,Coyoacán,003-074,Pedregal De Santa Ursula,Colonia,,,,,,,,,
09,Ciudad de México,003,Coyoacán,003-075,Pedregal De Santo Domingo,Colonia,,,,,,,,,
09,Ciudad de México,003,Coyoacán,003-076,Pedregal De Sn Francisco,Colonia,,,,,,,,,
09,Ciudad de México,003,Coyoacán,003-077,Petrolera Taxqueña,Colonia,,,,,,,,,
09,Ciudad de México,003,Coyoacán,003-078,Prado Churubusco,Colonia,,,,,,,,,
09,Ciudad de México,003,Coyoacán,003-079,Prados De Coyoacan,Colonia,,,,,,,,,
09,Ciudad de México,003,Coyoacán,003-080,Prados De Coyoacan,Colonia,,,,,,,,,
09,Ciudad de México,003,Coyoacán,003-081,Presidentes Ejidales 1a Seccion,Colonia,,,,,,,,,
09,Ciudad de México,003,Coyoacán,003-082,Presidentes Ejidales 2a Seccion,Colonia,,,,,,,,,
09,Ciudad de México,003,Coyoacán,003-083,Pueblo De Los Reyes,Pueblos y Barrios Originarios,,,,,,,,,
09,Ciudad de México,003,Coyoacán,003-084,Pueblo De Santa Ursula Coapa,Pueblos y Barrios Originarios,,,,,,,,,
09,Ciudad de México,003,Coyoacán,003-085,Pueblo La Candelaria,Pueblos y Barrios Originarios,,,,,,,,,
09,Ciudad de México,003,Coyoacán,003-086,Pueblo San Pablo Tepetlapa,Pueblos y Barrios Originarios,,,,,,,,,
09,Ciudad de México,003,Coyoacán,003-088,San Diego Churubusco,Colonia,,,,,,,,,
09,Ciudad de México,003,Coyoacán,003-089,San Francisco Culhuacan Barrio De La Magdalena,Pueblos y Barrios Originarios,,,,,,,,,
09,Ciudad de México,003,Coyoacán,003-090,San Francisco Culhuacan Barrio De San Francisco,Pueblos y Barrios Originarios,,,,,,,,,
09,Ciudad de México,003,Coyoacán,003-091,San Francisco Culhuacan Barrio De San Juan,Pueblos y Barrios Originarios,,,,,,,,,
09,Ciudad de México,003,Coyoacán,003-092,San Francisco Culhuacan Barrio De Santa Ana,Pueblos y Barrios Originarios,,,,,,,,,
09,Ciudad de México,003,Coyoacán,003-093,San Mateo,Colonia,,,,,,,,,
09,Ciudad de México,003,Coyoacán,003-094,Santa Cecilia,Colonia,,,,,,,,,
09,Ciudad de México,003,Coyoacán,003-095,Viejo Ejido Santa Ursula Coapa,Colonia,,,,,,,,,
09,Ciudad de México,003,Coyoacán,003-096,Villa Coyoacan,Colonia,,,,,,,,,
09,Ciudad de México,003,Coyoacán,003-097,Villa Quietud,Colonia,,,,,,,,,
09,Ciudad de México,003,Coyoacán,003-098,Xotepingo,Colonia,,,,,,,,,
09,Ciudad de México,004,Cuajimalpa de Morelos,004-001,1ro De Mayo,Colonia,,,,,,,,,
09,Ciudad de México,004,Cuajimalpa de Morelos,004-002,Abdias Garcia Soto,Colonia,,,,,,,,,
09,Ciudad de México,004,Cuajimalpa de Morelos,004-003,Adolfo Lopez Mateos,Colonia,,,,,,,,,
09,Ciudad de México,004,Cuajimalpa de Morelos,004-004,Agua Bendita,Colonia,,,,,,,,,
09,Ciudad de México,004,Cuajimalpa de Morelos,004-005,Ahuatenco,Colonia,,,,,,,,,
09,Ciudad de México,004,Cuajimalpa de Morelos,004-006,Amado Nervo,Colonia,,,,,,,,,
09,Ciudad de México,004,Cuajimalpa de Morelos,004-007,Ampliacion El Yaqui,Colonia,,,,,,,,,
09,Ciudad de México,004,Cuajimalpa de Morelos,004-008,Ampliacion Memetla,Colonia,,,,,,,,,
09,Ciudad de México,004,Cuajimalpa de Morelos,004-009,Bosques De Las Lomas,Colonia,,,,,,,,,
09,Ciudad de México,004,Cuajimalpa de Morelos,004-010,Campestre Palo Alto,Colonia,,,,,,,,,
09,Ciudad de México,004,Cuajimalpa de Morelos,004-011,Contadero,Colonia,,,,,,,,,
09,Ciudad de México,004,Cuajimalpa de Morelos,004-012,Cooperativa Palo Alto,Colonia,,,,,,,,,
09,Ciudad de México,004,Cuajimalpa de Morelos,004-013,Cruz Blanca,Colonia,,,,,,,,,
09,Ciudad de México,004,Cuajimalpa de Morelos,004-014,Cuajimalpa,Colonia,,,,,,,,,
09,Ciudad de México,004,Cuajimalpa de Morelos,004-015,El Ebano,Colonia,,,,,,,,,
09,Ciudad de México,004,Cuajimalpa de Morelos,004-016,El Molinito,Colonia,,,,,,,,,
09,Ciudad de México,004,Cuajimalpa de Morelos,004-017,El Molino,Colonia,,,,,,,,,
09,Ciudad de México,004,Cuajimalpa de Morelos,004-018,El Tianguillo,Colonia,,,,,,,,,
09,Ciudad de México,004,Cuajimalpa de Morelos,004-019,El Yaqui,Colonia,,,,,,,,,
09,Ciudad de México,004,Cuajimalpa de Morelos,004-020,Granjas Navidad,Colonia,,,,,,,,,
09,Ciudad de México,004,Cuajimalpa de Morelos,004-021,Granjas Palo Alto,Colonia,,,,,,,,,
09,Ciudad de México,004,Cuajimalpa de Morelos,004-022,Jesus Del Monte,Colonia,,,,,,,,,
09,Ciudad de México,004,Cuajimalpa de Morelos,004-023,La Manzanita,Colonia,,,,,,,,,
09,Ciudad de México,004,Cuajimalpa de Morelos,004-024,La Pila,Colonia,,,,,,,,,
09,Ciudad de México,004,Cuajimalpa de Morelos,004-025,La Venta,Colonia,,,,,,,,,
09,Ciudad de México,004,Cuajimalpa de Morelos,004-026,Las Lajas,Colonia,,,,,,,,,
09,Ciudad de México,004,Cuajimalpa de Morelos,004-027,Las Maromas,Colonia,,,,,,,,,
09,Ciudad de México,004,Cuajimalpa de Morelos,004-028,Las Tinajas,Colonia,,,,,,,,,
09,Ciudad de México,004,Cuajimalpa de Morelos,004-029,Locaxco,Colonia,,,,,,,,,
09,Ciudad de México,004,Cuajimalpa de Morelos,004-030,Loma Del Padre,Colonia,,,,,,,,,
09,Ciudad de México,004,Cuajimalpa de Morelos,004-031,Lomas De Memetla,Colonia,,,,,,,,,
09,Ciudad de México,004,Cuajimalpa de Morelos,004-032,Lomas De Sn Pedro,Colonia,,,,,,,,,
09,Ciudad de México,004,Cuajimalpa de Morelos,004-033,Lomas De Vista Hermosa,Colonia,,,,,,,,,
09,Ciudad de México,004,Cuajimalpa de Morelos,004-034,Manzanastitla,Colonia,,,,,,,,,
09,Ciudad de México,004,Cuajimalpa de Morelos,004-035,Memetla,Colonia,,,,,,,,,
09,Ciudad de México,004,Cuajimalpa de Morelos,004-036,Pueblo San Lorenzo Acopilco,Pueblos y Barrios Originarios,,,,,,,,,
09,Ciudad de México,004,Cuajimalpa de Morelos,004-037,Pueblo San Mateo Tlaltenango,Pueblos y Barrios Originarios,,,,,,,,,
09,Ciudad de México,004,Cuajimalpa de Morelos,004-038,Pueblo San Pablo Chimalpa,Pueblos y Barrios Originarios,,,,,,,,,
09,Ciudad de México,004,Cuajimalpa de Morelos,004-039,San Jose De Los Cedros,Colonia,,,,,,,,,
09,Ciudad de México,004,Cuajimalpa de Morelos,004-040,San Pedro,Colonia,,,,,,,,,
09,Ciudad de México,004,Cuajimalpa de Morelos,004-041,Santa Fe Cuajimalpa,Colonia,,,,,,,,,
09,Ciudad de México,004,Cuajimalpa de Morelos,004-042,Tepetongo,Colonia,,,,,,,,,
09,Ciudad de México,004,Cuajimalpa de Morelos,004-043,Xalpa,Colonia,,,,,,,,,
09,Ciudad de México,004,Cuajimalpa de Morelos,004-044,Zacamulpa,Colonia,,,,,,,,,
09,Ciudad de México,004,Cuajimalpa de Morelos,004-045,Zentlapatl,Colonia,,,,,,,,,
09,Ciudad de México,005,Gustavo A. Madero,005-002,25 De Julio,Colonia,,,,,,,,,
09,Ciudad de México,005,Gustavo A. Madero,005-003,6 De Junio,Colonia,,,,,,,,,
09,Ciudad de México,005,Gustavo A. Madero,005-005,Acueducto De Guadalupe,Colonia,,,,,,,,,
09,Ciudad de México,005,Gustavo A. Madero,005-006,Ahuehuetes,Colonia,,,,,,,,,
09,Ciudad de México,005,Gustavo A. Madero,005-007,Ampliacion Arboledas,Colonia,,,,,,,,,
09,Ciudad de México,005,Gustavo A. Madero,005-008,Ampliacion Benito Juarez,Colonia,,,,,,,,,
09,Ciudad de México,005,Gustavo A. Madero,005-009,Ampliacion Casas Aleman,Colonia,,,,,,,,,
09,Ciudad de México,005,Gustavo A. Madero,005-010,Ampliacion Castillo Grande,Colonia,,,,,,,,,
09,Ciudad de México,005,Gustavo A. Madero,005-011,Ampliacion Chalma De Guadalupe,Colonia,,,,,,,,,
09,Ciudad de México,005,Gustavo A. Madero,005-012,Ampliacion Cocoyotes,Colonia,,,,,,,,,
09,Ciudad de México,005,Gustavo A. Madero,005-013,Ampliacion Emiliano Zapata,Colonia,,,,,,,,,
09,Ciudad de México,005,Gustavo A. Madero,005-014,Ampliacion Gabriel Hernandez,Colonia,,,,,,,,,
09,Ciudad de México,005,Gustavo A. Madero,005-015,Ampliacion Guadalupe Proletaria,Colonia,,,,,,,,,
09,Ciudad de México,005,Gustavo A. Madero,005-016,Ampliacion Malacates,Colonia,,,,,,,,,
09,Ciudad de México,005,Gustavo A. Madero,005-017,Ampliacion Martires De Rio Blanco,Colonia,,,,,,,,,
09,Ciudad de México,005,Gustavo A. Madero,005-018,Ampliacion Panamericana,Colonia,,,,,,,,,
09,Ciudad de México,005,Gustavo A. Madero,005-019,Ampliacion Progreso Nacional,Colonia,,,,,,,,,
09,Ciudad de México,005,Gustavo A. Madero,005-020,Ampliacion Providencia,Colonia,,,,,,,,,
09,Ciudad de México,005,Gustavo A. Madero,005-022,Aragon Inguaran,Colonia,,,,,,,,,
09,Ciudad de México,005,Gustavo A. Madero,005-023,Aragon La Villa,Colonia,,,,,,,,,
09,Ciudad de México,005,Gustavo A. Madero,005-024,Arboledas,Colonia,,,,,,,,,
09,Ciudad de México,005,Gustavo A. Madero,005-025,Barrio Candelaria Ticoman,Pueblos y Barrios Originarios,,,,,,,,,
09,Ciudad de México,005,Gustavo A. Madero,005-026,Barrio Guadalupe Ticoman,Pueblos y Barrios Originarios,,,,,,,,,
09,Ciudad de México,005,Gustavo A. Madero,005-027,Barrio La Laguna Ticoman,Pueblos y Barrios Originarios,,,,,,,,,
09,Ciudad de México,005,Gustavo A. Madero,005-028,Barrio La Purisima Ticoman,Pueblos y Barrios Originarios,,,,,,,,,
09,Ciudad de México,005,Gustavo A. Madero,005-029,Barrio San Juan Y Guadalupe Ticoman,Pueblos y Barrios Originarios,,,,,,,,,
09,Ciudad de México,005,Gustavo A. Madero,005-030,Barrio San Rafael Ticoman,Pueblos y Barrios Originarios,,,,,,,,,
09,Ciudad de México,005,Gustavo A. Madero,005-031,Belisario Dominguez,Colonia,,,,,,,,,
09,Ciudad de México,005,Gustavo A. Madero,005-032,Benito Juarez,Colonia,,,,,,,,,
09,Ciudad de México,005,Gustavo A. Madero,005-033,Bondojito,Colonia,,,,,,,,,
09,Ciudad de México,005,Gustavo A. Madero,005-034,C T M Aragon,Colonia,,,,,,,,,
09,Ciudad de México,005,Gustavo A. Madero,005-035,C T M Atzacoalco,Colonia,,,,,,,,,
09,Ciudad de México,005,Gustavo A. Madero,005-036,C T M El Risco,Colonia,,,,,,,,,
09,Ciudad de México,005,Gustavo A. Madero,005-037,Campestre Aragon,Colonia,,,,,,,,,
09,Ciudad de México,005,Gustavo A. Madero,005-039,Castillo Chico,Colonia,,,,,,,,,
09,Ciudad de México,005,Gustavo A. Madero,005-040,Castillo Grande,Colonia,,,,,,,,,
09,Ciudad de México,005,Gustavo A. Madero,005-041,Cerro Del Guerrero,Colonia,,,,,,,,,
09,Ciudad de México,005,Gustavo A. Madero,005-042,Cerro Los Gachupines,Colonia,,,,,,,,,
09,Ciudad de México,005,Gustavo A. Madero,005-043,Chalma De Guadalupe,Colonia,,,,,,,,,
09,Ciudad de México,005,Gustavo A. Madero,005-044,Churubusco Tepeyac,Colonia,,,,,,,,,
09,Ciudad de México,005,Gustavo A. Madero,005-045,Cocoyotes,Colonia,,,,,,,,,
09,Ciudad de México,005,Gustavo A. Madero,005-046,Compositores Mexicanos,Colonia,,,,,,,,,
09,Ciudad de México,005,Gustavo A. Madero,005-047,Constitucion De La Republica,Colonia,,,,,,,,,
09,Ciudad de México,005,Gustavo A. Madero,005-048,Cuautepec Barrio Alto,Pueblos y Barrios Originarios,,,,,,,,,
09,Ciudad de México,005,Gustavo A. Madero,005-049,Cuautepec De Madero,Colonia,,,,,,,,,
09,Ciudad de México,005,Gustavo A. Madero,005-050,Cuchilla Del Tesoro,Colonia,,,,,,,,,
09,Ciudad de México,005,Gustavo A. Madero,005-051,Cuchilla La Joya,Colonia,,,,,,,,,
09,Ciudad de México,005,Gustavo A. Madero,005-052,D M Nacional,Colonia,,,,,,,,,
09,Ciudad de México,005,Gustavo A. Madero,005-053,Defensores De La Republica,Colonia,,,,,,,,,
09,Ciudad de México,005,Gustavo A. Madero,005-054,Del Bosque,Colonia,,,,,,,,,
09,Ciudad de México,005,Gustavo A. Madero,005-055,Del Carmen,Colonia,,,,,,,,,
09,Ciudad de México,005,Gustavo A. Madero,005-056,Del Obrero,Colonia,,,,,,,,,
09,Ciudad de México,005,Gustavo A. Madero,005-057,Dinamita,Colonia,,,,,,,,,
09,Ciudad de México,005,Gustavo A. Madero,005-058,El Arbolillo,Colonia,,,,,,,,,
09,Ciudad de México,005,Gustavo A. Madero,005-059,El Coyol,Colonia,,,,,,,,,
09,Ciudad de México,005,Gustavo A. Madero,005-060,El Olivo,Colonia,,,,,,,,,
09,Ciudad de México,005,Gustavo A. Madero,005-061,El Tepetatal,Colonia,,,,,,,,,
09,Ciudad de México,005,Gustavo A. Madero,005-062,Emiliano Zapata,Colonia,,,,,,,,,
09,Ciudad de México,005,Gustavo A. Madero,005-063,Estanzuela,Colonia,,,,,,,,,
09,Ciudad de México,005,Gustavo A. Madero,005-064,Estrella,Colonia,,,,,,,,,
09,Ciudad de México,005,Gustavo A. Madero,005-065,Ex Ejido San Juan De Aragon Sector 32,Colonia,,,,,,,,,
09,Ciudad de México,005,Gustavo A. Madero,005-066,Ex Ejido San Juan De Aragon Sector 33,Colonia,,,,,,,,,
09,Ciudad de México,005,Gustavo A. Madero,005-067,Ex Escuela De Tiro,Colonia,,,,,,,,,
09,Ciudad de México,005,Gustavo A. Madero,005-068,Faja De Oro,Colonia,,,,,,,,,
09,Ciudad de México,005,Gustavo A. Madero,005-070,Ferrocarrilera,Colonia,,,,,,,,,
09,Ciudad de México,005,Gustavo A. Madero,005-071,Forestal,Colonia,,,,,,,,,
09,Ciudad de México,005,Gustavo A. Madero,005-072,Forestal I,Colonia,,,,,,,,,
09,Ciudad de México,005,Gustavo A. Madero,005-073,Forestal Ii,Colonia,,,,,,,,,
09,Ciudad de México,005,Gustavo A. Madero,005-074,Gabriel Hernandez,Colonia,,,,,,,,,
09,Ciudad de México,005,Gustavo A. Madero,005-075,General Felipe Berriozabal,Colonia,,,,,,,,,
09,Ciudad de México,005,Gustavo A. Madero,005-076,Gertrudis Sanchez 1a Seccion,Colonia,,,,,,,,,
09,Ciudad de México,005,Gustavo A. Madero,005-077,Gertrudis Sanchez 2a Seccion,Colonia,,,,,,,,,
09,Ciudad de México,005,Gustavo A. Madero,005-078,Gertrudis Sanchez 3a Seccion,Colonia,,,,,,,,,
09,Ciudad de México,005,Gustavo A. Madero,005-079,Granjas Modernas,Colonia,,,,,,,,,
09,Ciudad de México,005,Gustavo A. Madero,005-080,Guadalupe Insurgentes,Colonia,,,,,,,,,
09,Ciudad de México,005,Gustavo A. Madero,005-081,Guadalupe Proletaria,Colonia,,,,,,,,,
09,Ciudad de México,005,Gustavo A. Madero,005-082,Guadalupe Tepeyac,Colonia,,,,,,,,,
09,Ciudad de México,005,Gustavo A. Madero,005-083,Guadalupe Victoria,Colonia,,,,,,,,,
09,Ciudad de México,005,Gustavo A. Madero,005-084,Guadalupe Victoria Cuautepec,Colonia,,,,,,,,,
09,Ciudad de México,005,Gustavo A. Madero,005-085,Heroe De Nacozari,Colonia,,,,,,,,,
09,Ciudad de México,005,Gustavo A. Madero,005-086,Heroes De Cerro Prieto,Colonia,,,,,,,,,
09,Ciudad de México,005,Gustavo A. Madero,005-087,Heroes De Chapultepec,Colonia,,,,,,,,,
09,Ciudad de México,005,Gustavo A. Madero,005-088,Indeco,Colonia,,,,,,,,,
09,Ciudad de México,005,Gustavo A. Madero,005-089,Industrial,Colonia,,,,,,,,,
09,Ciudad de México,005,Gustavo A. Madero,005-090,Jorge Negrete,Colonia,,,,,,,,,
09,Ciudad de México,005,Gustavo A. Madero,005-091,Juan Gonzalez Romero,Colonia,,,,,,,,,
09,Ciudad de México,005,Gustavo A. Madero,005-092,Juventino Rosas,Colonia,,,,,,,,,
09,Ciudad de México,005,Gustavo A. Madero,005-093,La Casilda,Colonia,,,,,,,,,
09,Ciudad de México,005,Gustavo A. Madero,005-094,La Cruz,Colonia,,,,,,,,,
09,Ciudad de México,005,Gustavo A. Madero,005-095,La Esmeralda,Colonia,,,,,,,,,
09,Ciudad de México,005,Gustavo A. Madero,005-096,La Joya,Colonia,,,,,,,,,
09,Ciudad de México,005,Gustavo A. Madero,005-097,La Joyita,Colonia,,,,,,,,,
09,Ciudad de México,005,Gustavo A. Madero,005-098,La Lengueta,Colonia,,,,,,,,,
09,Ciudad de México,005,Gustavo A. Madero,005-100,La Pastora,Colonia,,,,,,,,,
09,Ciudad de México,005,Gustavo A. Madero,005-101,La Pradera,Colonia,,,,,,,,,
09,Ciudad de México,005,Gustavo A. Madero,005-102,Li Legislatura,Colonia,,,,,,,,,
09,Ciudad de México,005,Gustavo A. Madero,005-103,Lindavista Norte,Colonia,,,,,,,,,
09,Ciudad de México,005,Gustavo A. Madero,005-105,Lindavista Vallejo 1a Seccion,Colonia,,,,,,,,,
09,Ciudad de México,005,Gustavo A. Madero,005-106,Lindavista Vallejo 2a Seccion,Colonia,,,,,,,,,
09,Ciudad de México,005,Gustavo A. Madero,005-108,Loma La Palma,Colonia,,,,,,,,,
09,Ciudad de México,005,Gustavo A. Madero,005-109,Lomas De Cuautepec,Colonia,,,,,,,,,
09,Ciudad de México,005,Gustavo A. Madero,005-110,Luis Donaldo Colosio,Colonia,,,,,,,,,
09,Ciudad de México,005,Gustavo A. Madero,005-112,Malacates,Colonia,,,,,,,,,
09,Ciudad de México,005,Gustavo A. Madero,005-113,Martin Carrera,Colonia,,,,,,,,,
09,Ciudad de México,005,Gustavo A. Madero,005-115,Maximino Avila Camacho,Colonia,,,,,,,,,
09,Ciudad de México,005,Gustavo A. Madero,005-116,Montevideo,Colonia,,,,,,,,,
09,Ciudad de México,005,Gustavo A. Madero,005-117,Narciso Bassols,Colonia,,,,,,,,,
09,Ciudad de México,005,Gustavo A. Madero,005-118,Nueva Atzacoalco,Colonia,,,,,,,,,
09,Ciudad de México,005,Gustavo A. Madero,005-120,Nueva Tenochtitlan,Colonia,,,,,,,,,
09,Ciudad de México,005,Gustavo A. Madero,005-121,Nueva Vallejo,Colonia,,,,,,,,,
09,Ciudad de México,005,Gustavo A. Madero,005-122,Palmatitla,Colonia,,,,,,,,,
09,Ciudad de México,005,Gustavo A. Madero,005-123,Panamericana,Colonia,,,,,,,,,
09,Ciudad de México,005,Gustavo A. Madero,005-124,Parque Metropolitano,Colonia,,,,,,,,,
09,Ciudad de México,005,Gustavo A. Madero,005-125,Planetario Lindavista,Colonia,,,,,,,,,
09,Ciudad de México,005,Gustavo A. Madero,005-126,Pradera 2a Seccion,Colonia,,,,,,,,,
09,Ciudad de México,005,Gustavo A. Madero,005-127,Prados De Cuautepec,Colonia,,,,,,,,,
09,Ciudad de México,005,Gustavo A. Madero,005-128,Progreso Nacional,Colonia,,,,,,,,,
09,Ciudad de México,005,Gustavo A. Madero,005-129,Providencia,Colonia,,,,,,,,,
09,Ciudad de México,005,Gustavo A. Madero,005-130,Pueblo De Santiago Atzacoalco,Pueblos y Barrios Originarios,,,,,,,,,
09,Ciudad de México,005,Gustavo A. Madero,005-131,Pueblo San Juan De Aragon,Pueblos y Barrios Originarios,,,,,,,,,
09,Ciudad de México,005,Gustavo A. Madero,005-132,Residencial Acueducto De Guadalupe,Colonia,,,,,,,,,
09,Ciudad de México,005,Gustavo A. Madero,005-133,Residencial La Escalera,Colonia,,,,,,,,,
09,Ciudad de México,005,Gustavo A. Madero,005-134,Residencial Zacatenco,Colonia,,,,,,,,,
09,Ciudad de México,005,Gustavo A. Madero,005-135,Rosas Del Tepeyac,Colonia,,,,,,,,,
09,Ciudad de México,005,Gustavo A. Madero,005-136,Salvador Diaz Miron,Colonia,,,,,,,,,
09,Ciudad de México,005,Gustavo A. Madero,005-137,San Antonio,Colonia,,,,,,,,,
09,Ciudad de México,005,Gustavo A. Madero,005-139,San Felipe De Jesus,Colonia,,,,,,,,,
09,Ciudad de México,005,Gustavo A. Madero,005-140,San Jose De La Escalera,Colonia,,,,,,,,,
09,Ciudad de México,005,Gustavo A. Madero,005-141,San Jose Ticoman,Colonia,,,,,,,,,
09,Ciudad de México,005,Gustavo A. Madero,005-143,San Juan De Aragon I Seccion,Colonia,,,,,,,,,
09,Ciudad de México,005,Gustavo A. Madero,005-145,San Juan De Aragon Iii Seccion,Colonia,,,,,,,,,
09,Ciudad de México,005,Gustavo A. Madero,005-146,San Juan De Aragon Iv Seccion,Colonia,,,,,,,,,
09,Ciudad de México,005,Gustavo A. Madero,005-147,San Juan De Aragon V Seccion,Colonia,,,,,,,,,
09,Ciudad de México,005,Gustavo A. Madero,005-148,San Juan De Aragon Vi Seccion,Colonia,,,,,,,,,
09,Ciudad de México,005,Gustavo A. Madero,005-149,San Juan De Aragon Vii Seccion,Colonia,,,,,,,,,
09,Ciudad de México,005,Gustavo A. Madero,005-150,San Miguel,Colonia,,,,,,,,,
09,Ciudad de México,005,Gustavo A. Madero,005-151,San Pedro El Chico,Colonia,,,,,,,,,
09,Ciudad de México,005,Gustavo A. Madero,005-152,San Pedro Zacatenco,Colonia,,,,,,,,,
09,Ciudad de México,005,Gustavo A. Madero,005-154,Santa Maria Ticoman,Colonia,,,,,,,,,
09,Ciudad de México,005,Gustavo A. Madero,005-155,Santa Rosa,Colonia,,,,,,,,,
09,Ciudad de México,005,Gustavo A. Madero,005-156,Santiago Atepetlac,Colonia,,,,,,,,,
09,Ciudad de México,005,Gustavo A. Madero,005-157,Siete Maravillas,Colonia,,,,,,,,,
09,Ciudad de México,005,Gustavo A. Madero,005-158,Solidaridad Nacional,Colonia,,,,,,,,,
09,Ciudad de México,005,Gustavo A. Madero,005-160,Tepetates,Colonia,,,,,,,,,
09,Ciudad de México,005,Gustavo A. Madero,005-162,Tlacaelel,Colonia,,,,,,,,,
09,Ciudad de México,005,Gustavo A. Madero,005-163,Tlacamaca,Colonia,,,,,,,,,
09,Ciudad de México,005,Gustavo A. Madero,005-164,Tlalpexco,Colonia,,,,,,,,,
09,Ciudad de México,005,Gustavo A. Madero,005-165,Torres Lindavista,Colonia,,,,,,,,,
09,Ciudad de México,005,Gustavo A. Madero,005-166,Tres Estrellas,Colonia,,,,,,,,,
09,Ciudad de México,005,Gustavo A. Madero,005-167,Triunfo De La Republica,Colonia,,,,,,,,,
09,Ciudad de México,005,Gustavo A. Madero,005-168,U.habit. Cuchilla Del Tesoro,Colonia,,,,,,,,,
09,Ciudad de México,005,Gustavo A. Madero,005-169,Valle De Madero,Colonia,,,,,,,,,
09,Ciudad de México,005,Gustavo A. Madero,005-170,Valle Del Tepeyac,Colonia,,,,,,,,,
09,Ciudad de México,005,Gustavo A. Madero,005-173,Vasco De Quiroga,Colonia,,,,,,,,,
09,Ciudad de México,005,Gustavo A. Madero,005-174,Villa De Aragon,Colonia,,,,,,,,,
09,Ciudad de México,005,Gustavo A. Madero,005-175,Villa Gustavo A Madero,Colonia,,,,,,,,,
09,Ciudad de México,005,Gustavo A. Madero,005-176,Villa Hermosa,Colonia,,,,,,,,,
09,Ciudad de México,005,Gustavo A. Madero,005-177,Vista Hermosa,Colonia,,,,,,,,,
09,Ciudad de México,005,Gustavo A. Madero,005-178,Zona Escolar,Colonia,,,,,,,,,
09,Ciudad de México,005,Gustavo A. Madero,005-179,Zona Escolar Oriente,Colonia,,,,,,,,,
09,Ciudad de México,006,Iztacalco,006-003,Ampliacion Gabriel Ramos Millan,Colonia,,,,,,,,,
09,Ciudad de México,006,Iztacalco,006-004,Barrio La Asuncion,Pueblos y Barrios Originarios,,,,,,,,,
09,Ciudad de México,006,Iztacalco,006-005,Barrio Los Reyes,Pueblos y Barrios Originarios,,,,,,,,,
09,Ciudad de México,006,Iztacalco,006-006,Barrio San Francisco Xicaltongo,Pueblos y Barrios Originarios,,,,,,,,,
09,Ciudad de México,006,Iztacalco,006-007,Barrio San Miguel,Pueblos y Barrios Originarios,,,,,,,,,
09,Ciudad de México,006,Iztacalco,006-008,Barrio San Pedro,Pueblos y Barrios Originarios,,,,,,,,,
09,Ciudad de México,006,Iztacalco,006-009,Barrio Santa Cruz,Pueblos y Barrios Originarios,,,,,,,,,
09,Ciudad de México,006,Iztacalco,006-010,Barrio Santiago Norte,Pueblos y Barrios Originarios,,,,,,,,,
09,Ciudad de México,006,Iztacalco,006-011,Barrio Santiago Sur,Pueblos y Barrios Originarios,,,,,,,,,
09,Ciudad de México,006,Iztacalco,006-012,Barrio Zapotla,Pueblos y Barrios Originarios,,,,,,,,,
09,Ciudad de México,006,Iztacalco,006-014,Carlos Zapata Vela,Colonia,,,,,,,,,
09,Ciudad de México,006,Iztacalco,006-015,Cuchilla Agricola Oriental,Colonia,,,,,,,,,
09,Ciudad de México,006,Iztacalco,006-016,El Rodeo,Colonia,,,,,,,,,
09,Ciudad de México,006,Iztacalco,006-017,Ex-Ejido La Magdalena Mixhuca,Colonia,,,,,,,,,
09,Ciudad de México,006,Iztacalco,006-018,Fraccionamiento Coyuya,Colonia,,,,,,,,,
09,Ciudad de México,006,Iztacalco,006-019,Gabriel Ramos Millan,Colonia,,,,,,,,,
09,Ciudad de México,006,Iztacalco,006-020,Gabriel Ramos Millan Secc Tlacotal,Colonia,,,,,,,,,
09,Ciudad de México,006,Iztacalco,006-021,Gabriel Ramos Millan Seccion Bramadero,Colonia,,,,,,,,,
09,Ciudad de México,006,Iztacalco,006-022,Gabriel Ramos Millan Seccion Cuchilla,Colonia,,,,,,,,,
09,Ciudad de México,006,Iztacalco,006-024,Infonavit Iztacalco,Colonia,,,,,,,,,
09,Ciudad de México,006,Iztacalco,006-025,Inpi Picos,Colonia,,,,,,,,,
09,Ciudad de México,006,Iztacalco,006-026,Jardines Tecma,Colonia,,,,,,,,,
09,Ciudad de México,006,Iztacalco,006-027,Juventino Rosas,Colonia,,,,,,,,,
09,Ciudad de México,006,Iztacalco,006-028,La Cruz,Colonia,,,,,,,,,
09,Ciudad de México,006,Iztacalco,006-029,Los Picos De Iztacalco Seccion 1 A,Colonia,,,,,,,,,
09,Ciudad de México,006,Iztacalco,006-030,Los Picos De Iztacalco Seccion 1 B,Colonia,,,,,,,,,
09,Ciudad de México,006,Iztacalco,006-031,Los Picos De Iztacalco Seccion 2 A,Colonia,,,,,,,,,
09,Ciudad de México,006,Iztacalco,006-032,Militar Marte,Colonia,,,,,,,,,
09,Ciudad de México,006,Iztacalco,006-033,Nueva Santa Anita,Colonia,,,,,,,,,
09,Ciudad de México,006,Iztacalco,006-034,Reforma Iztaccihuatl Norte,Colonia,,,,,,,,,
09,Ciudad de México,006,Iztacalco,006-035,Reforma Iztaccihuatl Sur,Colonia,,,,,,,,,
09,Ciudad de México,006,Iztacalco,006-038,Viaducto Piedad,Colonia,,,,,,,,,
09,Ciudad de México,007,Iztapalapa,007-001,12 De Diciembre,Colonia,,,,,,,,,
09,Ciudad de México,007,Iztapalapa,007-002,Albarrada,Colonia,,,,,,,,,
09,Ciudad de México,007,Iztapalapa,007-003,Alvaro Obregon,Colonia,,,,,,,,,
09,Ciudad de México,007,Iztapalapa,007-004,Ampliacion Bellavista,Colonia,,,,,,,,,
09,Ciudad de México,007,Iztapalapa,007-005,Ampliacion El Santuario,Colonia,,,,,,,,,
09,Ciudad de México,007,Iztapalapa,007-006,Ampliacion El Triunfo,Colonia,,,,,,,,,
09,Ciudad de México,007,Iztapalapa,007-007,Ampliacion Emiliano Zapata,Colonia,,,,,,,,,
09,Ciudad de México,007,Iztapalapa,007-008,Ampliacion Los Reyes,Colonia,,,,,,,,,
09,Ciudad de México,007,Iztapalapa,007-009,Ampliacion Paraje San Juan,Colonia,,,,,,,,,
09,Ciudad de México,007,Iztapalapa,007-010,Ampliacion Ricardo Flores Magon,Colonia,,,,,,,,,
09,Ciudad de México,007,Iztapalapa,007-011,Ampliacion San Miguel,Colonia,,,,,,,,,
09,Ciudad de México,007,Iztapalapa,007-012,Ampliacion Santa Maria Aztahuacan,Colonia,,,,,,,,,
09,Ciudad de México,007,Iztapalapa,007-013,Ampliacion Sinatel,Colonia,,,,,,,,,
09,Ciudad de México,007,Iztapalapa,007-014,Ampliacion Veracruzana,Colonia,,,,,,,,,
09,Ciudad de México,007,Iztapalapa,007-016,Apatlaco,Colonia,,,,,,,,,
09,Ciudad de México,007,Iztapalapa,007-017,Banjidal,Colonia,,,,,,,,,
09,Ciudad de México,007,Iztapalapa,007-018,Barranca De Guadalupe,Colonia,,,,,,,,,
09,Ciudad de México,007,Iztapalapa,007-019,Barrio Guadalupe,Pueblos y Barrios Originarios,,,,,,,,,
09,Ciudad de México,007,Iztapalapa,007-020,Barrio La Asuncion,Pueblos y Barrios Originarios,,,,,,,,,
09,Ciudad de México,007,Iztapalapa,007-021,Barrio San Antonio,Pueblos y Barrios Originarios,,,,,,,,,
09,Ciudad de México,007,Iztapalapa,007-022,Barrio San Antonio Culhuacan,Pueblos y Barrios Originarios,,,,,,,,,
09,Ciudad de México,007,Iztapalapa,007-023,Barrio San Ignacio,Pueblos y Barrios Originarios,,,,,,,,,
09,Ciudad de México,007,Iztapalapa,007-024,Barrio San Jose,Pueblos y Barrios Originarios,,,,,,,,,
09,Ciudad de México,007,Iztapalapa,007-025,Barrio San Lorenzo,Pueblos y Barrios Originarios,,,,,,,,,
09,Ciudad de México,007,Iztapalapa,007-026,Barrio San Lucas,Pueblos y Barrios Originarios,,,,,,,,,
09,Ciudad de México,007,Iztapalapa,007-029,Barrio San Pedro,Pueblos y Barrios Originarios,,,,,,,,,
09,Ciudad de México,007,Iztapalapa,007-030,Barrio San Simon Culhuacan,Pueblos y Barrios Originarios,,,,,,,,,
09,Ciudad de México,007,Iztapalapa,007-032,Barrio Tula,Pueblos y Barrios Originarios,,,,,,,,,
09,Ciudad de México,007,Iztapalapa,007-033,Bellavista,Colonia,,,,,,,,,
09,Ciudad de México,007,Iztapalapa,007-034,Benito Juarez,Colonia,,,,,,,,,
09,Ciudad de México,007,Iztapalapa,007-035,Buenavista,Colonia,,,,,,,,,
09,Ciudad de México,007,Iztapalapa,007-037,Campestre Potrero,Colonia,,,,,,,,,
09,Ciudad de México,007,Iztapalapa,007-038,Cananea,Colonia,,,,,,,,,
09,Ciudad de México,007,Iztapalapa,007-039,Carlos Hank Gonzalez,Colonia,,,,,,,,,
09,Ciudad de México,007,Iztapalapa,007-040,Carlos Jonguitud Barrios,Pueblos y Barrios Originarios,,,,,,,,,
09,Ciudad de México,007,Iztapalapa,007-041,Casa Blanca,Colonia,,,,,,,,,
09,Ciudad de México,007,Iztapalapa,007-042,Celoalliotli,Colonia,,,,,,,,,
09,Ciudad de México,007,Iztapalapa,007-043,Central De Abasto,Colonia,,,,,,,,,
09,Ciudad de México,007,Iztapalapa,007-044,Cerro De La Estrella,Colonia,,,,,,,,,
09,Ciudad de México,007,Iztapalapa,007-045,Chinampac De Juarez,Colonia,,,,,,,,,
09,Ciudad de México,007,Iztapalapa,007-046,Citlalli,Colonia,,,,,,,,,
09,Ciudad de México,007,Iztapalapa,007-047,Colonial Iztapalapa,Colonia,,,,,,,,,
09,Ciudad de México,007,Iztapalapa,007-048,Consejo Agrarista Mexicano,Colonia,,,,,,,,,
09,Ciudad de México,007,Iztapalapa,007-050,Coop Allapetlalli,Colonia,,,,,,,,,
09,Ciudad de México,007,Iztapalapa,007-051,Cuchilla Del Moral,Colonia,,,,,,,,,
09,Ciudad de México,007,Iztapalapa,007-052,Degollado,Colonia,,,,,,,,,
09,Ciudad de México,007,Iztapalapa,007-053,Degollado-Mexicatlalli,Colonia,,,,,,,,,
09,Ciudad de México,007,Iztapalapa,007-054,Desarrollo Urbano Quetzalcoatl,Colonia,,,,,,,,,
09,Ciudad de México,007,Iztapalapa,007-055,Dr Alfonso Ortiz Tirado,Colonia,,,,,,,,,
09,Ciudad de México,007,Iztapalapa,007-056,Ejercito De Agua Prieta,Colonia,,,,,,,,,
09,Ciudad de México,007,Iztapalapa,007-058,Ejercito De Oriente Zona Peñon,Colonia,,,,,,,,,
09,Ciudad de México,007,Iztapalapa,007-059,El Eden,Colonia,,,,,,,,,
09,Ciudad de México,007,Iztapalapa,007-060,El Manto,Colonia,,,,,,,,,
09,Ciudad de México,007,Iztapalapa,007-061,El Mirador,Colonia,,,,,,,,,
09,Ciudad de México,007,Iztapalapa,007-062,El Molino,Colonia,,,,,,,,,
09,Ciudad de México,007,Iztapalapa,007-063,El Molino Tezonco,Colonia,,,,,,,,,
09,Ciudad de México,007,Iztapalapa,007-064,El Paraiso,Colonia,,,,,,,,,
09,Ciudad de México,007,Iztapalapa,007-065,El Prado,Colonia,,,,,,,,,
09,Ciudad de México,007,Iztapalapa,007-066,El Retoño,Colonia,,,,,,,,,
09,Ciudad de México,007,Iztapalapa,007-067,El Rodeo,Colonia,,,,,,,,,
09,Ciudad de México,007,Iztapalapa,007-069,El Santuario,Colonia,,,,,,,,,
09,Ciudad de México,007,Iztapalapa,007-071,El Triangulo,Colonia,,,,,,,,,
09,Ciudad de México,007,Iztapalapa,007-072,El Triunfo,Colonia,,,,,,,,,
09,Ciudad de México,007,Iztapalapa,007-076,Estado De Veracruz,Colonia,,,,,,,,,
09,Ciudad de México,007,Iztapalapa,007-077,Estrella Culhuacan,Colonia,,,,,,,,,
09,Ciudad de México,007,Iztapalapa,007-078,Estrella Del Sur,Colonia,,,,,,,,,
09,Ciudad de México,007,Iztapalapa,007-079,Eva Samano De Lopez Mateos,Colonia,,,,,,,,,
09,Ciudad de México,007,Iztapalapa,007-080,Francisco Villa,Colonia,,,,,,,,,
09,Ciudad de México,007,Iztapalapa,007-081,Fuego Nuevo,Colonia,,,,,,,,,
09,Ciudad de México,007,Iztapalapa,007-082,Granjas De San Antonio,Colonia,,,,,,,,,
09,Ciudad de México,007,Iztapalapa,007-083,Granjas Esmeralda,Colonia,,,,,,,,,
09,Ciudad de México,007,Iztapalapa,007-084,Granjas Estrella,Colonia,,,,,,,,,
09,Ciudad de México,007,Iztapalapa,007-085,Guadalupe Del Moral,Colonia,,,,,,,,,
09,Ciudad de México,007,Iztapalapa,007-086,Heroes De Churubusco,Colonia,,,,,,,,,
09,Ciudad de México,007,Iztapalapa,007-087,Insurgentes,Colonia,,,,,,,,,
09,Ciudad de México,007,Iztapalapa,007-088,Ixtlahuacan,Colonia,,,,,,,,,
09,Ciudad de México,007,Iztapalapa,007-089,Jacarandas,Colonia,,,,,,,,,
09,Ciudad de México,007,Iztapalapa,007-090,Jardines De Churubusco,Colonia,,,,,,,,,
09,Ciudad de México,007,Iztapalapa,007-091,Jardines De San Lorenzo Tezonco,Colonia,,,,,,,,,
09,Ciudad de México,007,Iztapalapa,007-092,Jose Lopez Portillo,Colonia,,,,,,,,,
09,Ciudad de México,007,Iztapalapa,007-093,Jose Maria Morelos Y Pavon,Colonia,,,,,,,,,
09,Ciudad de México,007,Iztapalapa,007-095,Justo Sierra,Colonia,,,,,,,,,
09,Ciudad de México,007,Iztapalapa,007-096,La Era,Colonia,,,,,,,,,
09,Ciudad de México,007,Iztapalapa,007-097,La Esperanza,Colonia,,,,,,,,,
09,Ciudad de México,007,Iztapalapa,007-098,La Planta,Colonia,,,,,,,,,
09,Ciudad de México,007,Iztapalapa,007-099,La Regadera,Colonia,,,,,,,,,
09,Ciudad de México,007,Iztapalapa,007-100,Las Peñas,Colonia,,,,,,,,,
09,Ciudad de México,007,Iztapalapa,007-101,Leyes De Reforma 1a Seccion,Colonia,,,,,,,,,
09,Ciudad de México,007,Iztapalapa,007-102,Leyes De Reforma 2a Seccion,Colonia,,,,,,,,,
09,Ciudad de México,007,Iztapalapa,007-103,Leyes De Reforma 3a Seccion,Colonia,,,,,,,,,
09,Ciudad de México,007,Iztapalapa,007-104,Lomas De La Estancia,Colonia,,,,,,,,,
09,Ciudad de México,007,Iztapalapa,007-105,Lomas De San Lorenzo,Colonia,,,,,,,,,
09,Ciudad de México,007,Iztapalapa,007-106,Lomas De Sta Cruz,Colonia,,,,,,,,,
09,Ciudad de México,007,Iztapalapa,007-107,Lomas De Zaragoza,Colonia,,,,,,,,,
09,Ciudad de México,007,Iztapalapa,007-108,Lomas El Manto,Colonia,,,,,,,,,
09,Ciudad de México,007,Iztapalapa,007-110,Los Angeles,Colonia,,,,,,,,,
09,Ciudad de México,007,Iztapalapa,007-111,Los Angeles Apanoaya,Colonia,,,,,,,,,
09,Ciudad de México,007,Iztapalapa,007-112,Los Cipreses,Colonia,,,,,,,,,
09,Ciudad de México,007,Iztapalapa,007-113,Los Picos,Colonia,,,,,,,,,
09,Ciudad de México,007,Iztapalapa,007-114,Miguel De La Madrid Hurtado,Colonia,,,,,,,,,
09,Ciudad de México,007,Iztapalapa,007-115,Minerva,Colonia,,,,,,,,,
09,Ciudad de México,007,Iztapalapa,007-116,Miravalles,Colonia,,,,,,,,,
09,Ciudad de México,007,Iztapalapa,007-117,Mixcoatl,Colonia,,,,,,,,,
09,Ciudad de México,007,Iztapalapa,007-118,Monte Alban,Colonia,,,,,,,,,
09,Ciudad de México,007,Iztapalapa,007-119,Nueva Rosita,Colonia,,,,,,,,,
09,Ciudad de México,007,Iztapalapa,007-120,Palmitas,Colonia,,,,,,,,,
09,Ciudad de México,007,Iztapalapa,007-121,Paraje San Juan,Colonia,,,,,,,,,
09,Ciudad de México,007,Iztapalapa,007-122,Paraje San Juan Cerro,Colonia,,,,,,,,,
09,Ciudad de México,007,Iztapalapa,007-123,Paraje Zacatepec,Colonia,,,,,,,,,
09,Ciudad de México,007,Iztapalapa,007-124,Parque Nacional Cerro De La Estrella,Colonia,,,,,,,,,
09,Ciudad de México,007,Iztapalapa,007-125,Paseos De Churubusco,Colonia,,,,,,,,,
09,Ciudad de México,007,Iztapalapa,007-126,Plan De Iguala,Colonia,,,,,,,,,
09,Ciudad de México,007,Iztapalapa,007-127,Polvorilla,Colonia,,,,,,,,,
09,Ciudad de México,007,Iztapalapa,007-128,Presidentes De Mexico,Colonia,,,,,,,,,
09,Ciudad de México,007,Iztapalapa,007-129,Progresista,Colonia,,,,,,,,,
09,Ciudad de México,007,Iztapalapa,007-130,Progreso Del Sur,Colonia,,,,,,,,,
09,Ciudad de México,007,Iztapalapa,007-131,Pueblo Aculco,Pueblos y Barrios Originarios,,,,,,,,,
09,Ciudad de México,007,Iztapalapa,007-133,Pueblo Los Reyes Culhuacan,Pueblos y Barrios Originarios,,,,,,,,,
09,Ciudad de México,007,Iztapalapa,007-135,Pueblo Mexicaltzingo,Pueblos y Barrios Originarios,,,,,,,,,
09,Ciudad de México,007,Iztapalapa,007-137,Pueblo San Juanico Nextipac,Pueblos y Barrios Originarios,,,,,,,,,
09,Ciudad de México,007,Iztapalapa,007-138,Pueblo San Lorenzo Tezonco,Pueblos y Barrios Originarios,,,,,,,,,
09,Ciudad de México,007,Iztapalapa,007-139,Pueblo San Lorenzo Xicotencatl,Pueblos y Barrios Originarios,,,,,,,,,
09,Ciudad de México,007,Iztapalapa,007-140,Pueblo San Sebastian Tecoloxtitla,Pueblos y Barrios Originarios,,,,,,,,,
09,Ciudad de México,007,Iztapalapa,007-141,Pueblo Santa Maria Aztahuacan,Pueblos y Barrios Originarios,,,,,,,,,
09,Ciudad de México,007,Iztapalapa,007-142,Pueblo Santa Maria Tomatlan,Pueblos y Barrios Originarios,,,,,,,,,
09,Ciudad de México,007,Iztapalapa,007-143,Pueblo Santa Martha Acatitla,Pueblos y Barrios Originarios,,,,,,,,,
09,Ciudad de México,007,Iztapalapa,007-144,Pueblo Santiago Acahualtepec,Pueblos y Barrios Originarios,,,,,,,,,
09,Ciudad de México,007,Iztapalapa,007-145,Pueblo Sta Cruz Meyehualco,Pueblos y Barrios Originarios,,,,,,,,,
09,Ciudad de México,007,Iztapalapa,007-146,Puente Blanco,Colonia,,,,,,,,,
09,Ciudad de México,007,Iztapalapa,007-147,Purisima Atlazolpa,Colonia,,,,,,,,,
09,Ciudad de México,007,Iztapalapa,007-148,Real Del Moral,Colonia,,,,,,,,,
09,Ciudad de México,007,Iztapalapa,007-149,Reforma Politica,Colonia,,,,,,,,,
09,Ciudad de México,007,Iztapalapa,007-150,Renovacion,Colonia,,,,,,,,,
09,Ciudad de México,007,Iztapalapa,007-151,Ricardo Flores Magon,Colonia,,,,,,,,,
09,Ciudad de México,007,Iztapalapa,007-152,San Andres Tetepilco,Colonia,,,,,,,,,
09,Ciudad de México,007,Iztapalapa,007-153,San Antonio Culhuacan,Colonia,,,,,,,,,
09,Ciudad de México,007,Iztapalapa,007-154,San Jose Aculco,Colonia,,,,,,,,,
09,Ciudad de México,007,Iztapalapa,007-155,San Jose Buenavista,Colonia,,,,,,,,,
09,Ciudad de México,007,Iztapalapa,007-156,San Juan Estrella,Colonia,,,,,,,,,
09,Ciudad de México,007,Iztapalapa,007-157,San Juan Joya,Colonia,,,,,,,,,
09,Ciudad de México,007,Iztapalapa,007-158,San Juan Xalpa,Colonia,,,,,,,,,
09,Ciudad de México,007,Iztapalapa,007-159,San Miguel 8va Ampliacion,Colonia,,,,,,,,,
09,Ciudad de México,007,Iztapalapa,007-160,San Miguel Teotongo (Secc La Cruz),Colonia,,,,,,,,,
09,Ciudad de México,007,Iztapalapa,007-161,San Miguel Teotongo (Secc Las Torres),Colonia,,,,,,,,,
09,Ciudad de México,007,Iztapalapa,007-162,San Miguel Teotongo Secc Acorralado,Colonia,,,,,,,,,
09,Ciudad de México,007,Iztapalapa,007-163,San Miguel Teotongo Secc Avisadero,Colonia,,,,,,,,,
09,Ciudad de México,007,Iztapalapa,007-164,San Miguel Teotongo Secc Capilla,Colonia,,,,,,,,,
09,Ciudad de México,007,Iztapalapa,007-165,San Miguel Teotongo Secc Corrales,Colonia,,,,,,,,,
09,Ciudad de México,007,Iztapalapa,007-166,San Miguel Teotongo Secc Guadalupe,Colonia,,,,,,,,,
09,Ciudad de México,007,Iztapalapa,007-167,San Miguel Teotongo Secc Jardines,Colonia,,,,,,,,,
09,Ciudad de México,007,Iztapalapa,007-168,San Miguel Teotongo Secc Loma Alta,Colonia,,,,,,,,,
09,Ciudad de México,007,Iztapalapa,007-169,San Miguel Teotongo Secc Mercedes,Colonia,,,,,,,,,
09,Ciudad de México,007,Iztapalapa,007-170,San Miguel Teotongo Secc Palmitas,Colonia,,,,,,,,,
09,Ciudad de México,007,Iztapalapa,007-171,San Miguel Teotongo Secc Puente,Colonia,,,,,,,,,
09,Ciudad de México,007,Iztapalapa,007-172,San Miguel Teotongo Secc Ranchito,Colonia,,,,,,,,,
09,Ciudad de México,007,Iztapalapa,007-173,San Miguel Teotongo Secc Rancho Bajo,Colonia,,,,,,,,,
09,Ciudad de México,007,Iztapalapa,007-174,San Miguel Teotongo Seccion Iztlahuaca,Colonia,,,,,,,,,
09,Ciudad de México,007,Iztapalapa,007-175,San Nicolas Tolentino,Colonia,,,,,,,,,
09,Ciudad de México,007,Iztapalapa,007-176,San Pablo,Colonia,,,,,,,,,
09,Ciudad de México,007,Iztapalapa,007-178,Santa Maria Aztahuacan,Colonia,,,,,,,,,
09,Ciudad de México,007,Iztapalapa,007-179,Santa Maria Del Monte,Colonia,,,,,,,,,
09,Ciudad de México,007,Iztapalapa,007-182,Santiago Acahualtepec 1a Ampliaciën,Colonia,,,,,,,,,
09,Ciudad de México,007,Iztapalapa,007-183,Santiago Acahualtepec 2a Ampliacion,Colonia,,,,,,,,,
09,Ciudad de México,007,Iztapalapa,007-184,Sector Popular,Colonia,,,,,,,,,
09,Ciudad de México,007,Iztapalapa,007-185,Sideral,Colonia,,,,,,,,,
09,Ciudad de México,007,Iztapalapa,007-186,Sinatel,Colonia,,,,,,,,,
09,Ciudad de México,007,Iztapalapa,007-187,Tenorios,Colonia,,,,,,,,,
09,Ciudad de México,007,Iztapalapa,007-188,Tepalcates,Colonia,,,,,,,,,
09,Ciudad de México,007,Iztapalapa,007-189,Unidad Ejercito Constitucionalista,Colonia,,,,,,,,,
09,Ciudad de México,007,Iztapalapa,007-190,Unidad Modelo,Colonia,,,,,,,,,
09,Ciudad de México,007,Iztapalapa,007-191,Unidad Santa Cruz Meyehualco,Colonia,,,,,,,,,
09,Ciudad de México,007,Iztapalapa,007-192,Unidad Vicente Guerrero,Colonia,,,,,,,,,
09,Ciudad de México,007,Iztapalapa,007-193,Uscovi,Colonia,,,,,,,,,
09,Ciudad de México,007,Iztapalapa,007-194,Valle De Luces,Colonia,,,,,,,,,
09,Ciudad de México,007,Iztapalapa,007-195,Valle De San Lorenzo,Colonia,,,,,,,,,
09,Ciudad de México,007,Iztapalapa,007-196,Valle Del Sur,Colonia,,,,,,,,,
09,Ciudad de México,007,Iztapalapa,007-197,Xalpa,Colonia,,,,,,,,,
09,Ciudad de México,007,Iztapalapa,007-198,Zacahuitzco,Colonia,,,,,,,,,
09,Ciudad de México,008,La Magdalena Contreras,008-001,Ampliacion Lomas De San Bernabe,Colonia,,,,,,,,,
09,Ciudad de México,008,La Magdalena Contreras,008-002,Ampliacion Potrerillo,Colonia,,,,,,,,,
09,Ciudad de México,008,La Magdalena Contreras,008-003,Atacaxco,Colonia,,,,,,,,,
09,Ciudad de México,008,La Magdalena Contreras,008-004,Barranca Seca,Colonia,,,,,,,,,
09,Ciudad de México,008,La Magdalena Contreras,008-005,Barrio Las Calles,Pueblos y Barrios Originarios,,,,,,,,,
09,Ciudad de México,008,La Magdalena Contreras,008-006,Barrio San Francisco,Pueblos y Barrios Originarios,,,,,,,,,
09,Ciudad de México,008,La Magdalena Contreras,008-007,Barros Sierra,Colonia,,,,,,,,,
09,Ciudad de México,008,La Magdalena Contreras,008-008,Cerro Del Judio - Av,Colonia,,,,,,,,,
09,Ciudad de México,008,La Magdalena Contreras,008-009,Crescencio Juarez Chavira,Colonia,,,,,,,,,
09,Ciudad de México,008,La Magdalena Contreras,008-010,Cuauhtemoc,Colonia,,,,,,,,,
09,Ciudad de México,008,La Magdalena Contreras,008-011,El Ermitaño,Colonia,,,,,,,,,
09,Ciudad de México,008,La Magdalena Contreras,008-012,El Maestro,Colonia,,,,,,,,,
09,Ciudad de México,008,La Magdalena Contreras,008-013,El Ocotal,Colonia,,,,,,,,,
09,Ciudad de México,008,La Magdalena Contreras,008-014,El Rosal,Colonia,,,,,,,,,
09,Ciudad de México,008,La Magdalena Contreras,008-015,El Tanque,Colonia,,,,,,,,,
09,Ciudad de México,008,La Magdalena Contreras,008-016,El Toro,Colonia,,,,,,,,,
09,Ciudad de México,008,La Magdalena Contreras,008-017,Heroes De Padierna,Colonia,,,,,,,,,
09,Ciudad de México,008,La Magdalena Contreras,008-018,Huayatla,Colonia,,,,,,,,,
09,Ciudad de México,008,La Magdalena Contreras,008-019,La Carbonera,Colonia,,,,,,,,,